Image_Path,Predicted_Label
/content/test_dataset/529.jpg,other
/content/test_dataset/25.jpg,other
/content/test_dataset/496.jpg,bright dune
/content/test_dataset/88.jpg,swiss cheese
/content/test_dataset/479.jpg,bright dune
/content/test_dataset/448.jpg,bright dune
/content/test_dataset/1732.jpg,bright dune
/content/test_dataset/1189.jpg,crater
/content/test_dataset/1233.jpg,other
/content/test_dataset/916.jpg,other
/content/test_dataset/861.jpg,other
/content/test_dataset/371.jpg,bright dune
/content/test_dataset/903.jpg,other
/content/test_dataset/59.jpg,other
/content/test_dataset/453.jpg,swiss cheese
/content/test_dataset/1628.jpg,crater
/content/test_dataset/1242.jpg,other
/content/test_dataset/1008.jpg,other
/content/test_dataset/805.jpg,other
/content/test_dataset/1228.jpg,slope streak
/content/test_dataset/263.jpg,dark dune
/content/test_dataset/1061.jpg,bright dune
/content/test_dataset/749.jpg,other
/content/test_dataset/408.jpg,other
/content/test_dataset/1821.jpg,other
/content/test_dataset/182.jpg,other
/content/test_dataset/1545.jpg,other
/content/test_dataset/1618.jpg,other
/content/test_dataset/1763.jpg,other
/content/test_dataset/1634.jpg,other
/content/test_dataset/324.jpg,crater
/content/test_dataset/806.jpg,crater
/content/test_dataset/260.jpg,other
/content/test_dataset/54.jpg,other
/content/test_dataset/1961.jpg,other
/content/test_dataset/606.jpg,slope streak
/content/test_dataset/932.jpg,other
/content/test_dataset/1662.jpg,crater
/content/test_dataset/1304.jpg,slope streak
/content/test_dataset/541.jpg,other
/content/test_dataset/1373.jpg,other
/content/test_dataset/924.jpg,other
/content/test_dataset/1967.jpg,other
/content/test_dataset/200.jpg,other
/content/test_dataset/1700.jpg,other
/content/test_dataset/1309.jpg,other
/content/test_dataset/1460.jpg,crater
/content/test_dataset/532.jpg,other
/content/test_dataset/90.jpg,other
/content/test_dataset/1134.jpg,other
/content/test_dataset/1395.jpg,bright dune
/content/test_dataset/1671.jpg,other
/content/test_dataset/631.jpg,other
/content/test_dataset/960.jpg,slope streak
/content/test_dataset/359.jpg,other
/content/test_dataset/718.jpg,bright dune
/content/test_dataset/166.jpg,other
/content/test_dataset/86.jpg,slope streak
/content/test_dataset/774.jpg,other
/content/test_dataset/1340.jpg,bright dune
/content/test_dataset/337.jpg,other
/content/test_dataset/1999.jpg,other
/content/test_dataset/937.jpg,other
/content/test_dataset/589.jpg,other
/content/test_dataset/315.jpg,other
/content/test_dataset/1679.jpg,dark dune
/content/test_dataset/839.jpg,other
/content/test_dataset/1778.jpg,crater
/content/test_dataset/1973.jpg,crater
/content/test_dataset/790.jpg,dark dune
/content/test_dataset/969.jpg,other
/content/test_dataset/55.jpg,crater
/content/test_dataset/865.jpg,other
/content/test_dataset/602.jpg,other
/content/test_dataset/856.jpg,other
/content/test_dataset/103.jpg,crater
/content/test_dataset/1898.jpg,other
/content/test_dataset/1945.jpg,other
/content/test_dataset/1300.jpg,bright dune
/content/test_dataset/814.jpg,other
/content/test_dataset/1035.jpg,other
/content/test_dataset/708.jpg,other
/content/test_dataset/1591.jpg,other
/content/test_dataset/1314.jpg,other
/content/test_dataset/67.jpg,other
/content/test_dataset/775.jpg,other
/content/test_dataset/962.jpg,other
/content/test_dataset/1725.jpg,swiss cheese
/content/test_dataset/1835.jpg,other
/content/test_dataset/1045.jpg,other
/content/test_dataset/477.jpg,crater
/content/test_dataset/997.jpg,other
/content/test_dataset/1004.jpg,other
/content/test_dataset/858.jpg,other
/content/test_dataset/1974.jpg,bright dune
/content/test_dataset/1570.jpg,other
/content/test_dataset/1842.jpg,other
/content/test_dataset/1362.jpg,other
/content/test_dataset/692.jpg,other
/content/test_dataset/659.jpg,other
/content/test_dataset/1696.jpg,bright dune
/content/test_dataset/1724.jpg,crater
/content/test_dataset/1009.jpg,crater
/content/test_dataset/294.jpg,other
/content/test_dataset/695.jpg,slope streak
/content/test_dataset/1562.jpg,other
/content/test_dataset/414.jpg,other
/content/test_dataset/498.jpg,other
/content/test_dataset/1940.jpg,other
/content/test_dataset/1224.jpg,other
/content/test_dataset/798.jpg,crater
/content/test_dataset/1407.jpg,other
/content/test_dataset/1339.jpg,crater
/content/test_dataset/310.jpg,crater
/content/test_dataset/1024.jpg,bright dune
/content/test_dataset/583.jpg,other
/content/test_dataset/1775.jpg,other
/content/test_dataset/1568.jpg,bright dune
/content/test_dataset/1441.jpg,other
/content/test_dataset/503.jpg,other
/content/test_dataset/1234.jpg,crater
/content/test_dataset/1468.jpg,bright dune
/content/test_dataset/238.jpg,other
/content/test_dataset/698.jpg,other
/content/test_dataset/781.jpg,bright dune
/content/test_dataset/833.jpg,crater
/content/test_dataset/325.jpg,other
/content/test_dataset/170.jpg,crater
/content/test_dataset/549.jpg,other
/content/test_dataset/1026.jpg,crater
/content/test_dataset/309.jpg,other
/content/test_dataset/957.jpg,crater
/content/test_dataset/1759.jpg,other
/content/test_dataset/134.jpg,other
/content/test_dataset/1530.jpg,other
/content/test_dataset/992.jpg,other
/content/test_dataset/636.jpg,other
/content/test_dataset/629.jpg,slope streak
/content/test_dataset/926.jpg,swiss cheese
/content/test_dataset/75.jpg,bright dune
/content/test_dataset/995.jpg,bright dune
/content/test_dataset/1150.jpg,crater
/content/test_dataset/122.jpg,other
/content/test_dataset/537.jpg,other
/content/test_dataset/1820.jpg,other
/content/test_dataset/1193.jpg,other
/content/test_dataset/672.jpg,swiss cheese
/content/test_dataset/1142.jpg,other
/content/test_dataset/1433.jpg,other
/content/test_dataset/48.jpg,other
/content/test_dataset/1854.jpg,other
/content/test_dataset/248.jpg,other
/content/test_dataset/619.jpg,other
/content/test_dataset/173.jpg,slope streak
/content/test_dataset/1162.jpg,other
/content/test_dataset/1400.jpg,other
/content/test_dataset/1885.jpg,other
/content/test_dataset/1932.jpg,slope streak
/content/test_dataset/1538.jpg,other
/content/test_dataset/901.jpg,swiss cheese
/content/test_dataset/305.jpg,other
/content/test_dataset/46.jpg,crater
/content/test_dataset/709.jpg,other
/content/test_dataset/1254.jpg,swiss cheese
/content/test_dataset/1235.jpg,other
/content/test_dataset/1908.jpg,swiss cheese
/content/test_dataset/773.jpg,crater
/content/test_dataset/1409.jpg,crater
/content/test_dataset/1401.jpg,other
/content/test_dataset/825.jpg,crater
/content/test_dataset/1920.jpg,other
/content/test_dataset/326.jpg,slope streak
/content/test_dataset/1535.jpg,other
/content/test_dataset/999.jpg,other
/content/test_dataset/145.jpg,crater
/content/test_dataset/1223.jpg,other
/content/test_dataset/1917.jpg,bright dune
/content/test_dataset/1916.jpg,other
/content/test_dataset/1882.jpg,other
/content/test_dataset/382.jpg,other
/content/test_dataset/1599.jpg,other
/content/test_dataset/1748.jpg,swiss cheese
/content/test_dataset/400.jpg,other
/content/test_dataset/69.jpg,bright dune
/content/test_dataset/1123.jpg,other
/content/test_dataset/876.jpg,other
/content/test_dataset/966.jpg,crater
/content/test_dataset/1995.jpg,other
/content/test_dataset/940.jpg,bright dune
/content/test_dataset/1793.jpg,other
/content/test_dataset/350.jpg,other
/content/test_dataset/37.jpg,bright dune
/content/test_dataset/1521.jpg,other
/content/test_dataset/1777.jpg,other
/content/test_dataset/1876.jpg,other
/content/test_dataset/1556.jpg,other
/content/test_dataset/1705.jpg,crater
/content/test_dataset/1113.jpg,bright dune
/content/test_dataset/684.jpg,other
/content/test_dataset/587.jpg,other
/content/test_dataset/1638.jpg,slope streak
/content/test_dataset/1482.jpg,bright dune
/content/test_dataset/28.jpg,other
/content/test_dataset/1044.jpg,bright dune
/content/test_dataset/1202.jpg,other
/content/test_dataset/639.jpg,other
/content/test_dataset/152.jpg,other
/content/test_dataset/1962.jpg,other
/content/test_dataset/356.jpg,other
/content/test_dataset/1022.jpg,other
/content/test_dataset/663.jpg,bright dune
/content/test_dataset/900.jpg,dark dune
/content/test_dataset/454.jpg,other
/content/test_dataset/1382.jpg,other
/content/test_dataset/241.jpg,other
/content/test_dataset/929.jpg,dark dune
/content/test_dataset/303.jpg,other
/content/test_dataset/1289.jpg,crater
/content/test_dataset/245.jpg,other
/content/test_dataset/256.jpg,other
/content/test_dataset/1154.jpg,crater
/content/test_dataset/797.jpg,other
/content/test_dataset/828.jpg,bright dune
/content/test_dataset/1923.jpg,other
/content/test_dataset/616.jpg,slope streak
/content/test_dataset/699.jpg,other
/content/test_dataset/1075.jpg,other
/content/test_dataset/1247.jpg,other
/content/test_dataset/107.jpg,bright dune
/content/test_dataset/1306.jpg,other
/content/test_dataset/923.jpg,other
/content/test_dataset/1531.jpg,slope streak
/content/test_dataset/691.jpg,other
/content/test_dataset/964.jpg,other
/content/test_dataset/885.jpg,other
/content/test_dataset/1096.jpg,other
/content/test_dataset/1948.jpg,other
/content/test_dataset/417.jpg,other
/content/test_dataset/1170.jpg,other
/content/test_dataset/1968.jpg,bright dune
/content/test_dataset/1102.jpg,other
/content/test_dataset/662.jpg,other
/content/test_dataset/49.jpg,other
/content/test_dataset/146.jpg,other
/content/test_dataset/94.jpg,other
/content/test_dataset/424.jpg,other
/content/test_dataset/1739.jpg,other
/content/test_dataset/1524.jpg,slope streak
/content/test_dataset/826.jpg,swiss cheese
/content/test_dataset/438.jpg,other
/content/test_dataset/886.jpg,other
/content/test_dataset/1953.jpg,crater
/content/test_dataset/652.jpg,other
/content/test_dataset/413.jpg,crater
/content/test_dataset/31.jpg,other
/content/test_dataset/1311.jpg,other
/content/test_dataset/918.jpg,other
/content/test_dataset/1236.jpg,crater
/content/test_dataset/295.jpg,crater
/content/test_dataset/1951.jpg,other
/content/test_dataset/1924.jpg,other
/content/test_dataset/1018.jpg,crater
/content/test_dataset/1983.jpg,other
/content/test_dataset/1425.jpg,other
/content/test_dataset/1888.jpg,other
/content/test_dataset/1503.jpg,other
/content/test_dataset/1396.jpg,other
/content/test_dataset/626.jpg,other
/content/test_dataset/1251.jpg,other
/content/test_dataset/20.jpg,other
/content/test_dataset/445.jpg,bright dune
/content/test_dataset/1176.jpg,other
/content/test_dataset/1450.jpg,crater
/content/test_dataset/759.jpg,other
/content/test_dataset/863.jpg,other
/content/test_dataset/928.jpg,other
/content/test_dataset/905.jpg,other
/content/test_dataset/1737.jpg,other
/content/test_dataset/1849.jpg,other
/content/test_dataset/440.jpg,other
/content/test_dataset/1681.jpg,other
/content/test_dataset/646.jpg,other
/content/test_dataset/574.jpg,other
/content/test_dataset/1548.jpg,other
/content/test_dataset/431.jpg,other
/content/test_dataset/167.jpg,other
/content/test_dataset/57.jpg,other
/content/test_dataset/1440.jpg,other
/content/test_dataset/1986.jpg,other
/content/test_dataset/1114.jpg,other
/content/test_dataset/1158.jpg,other
/content/test_dataset/1489.jpg,other
/content/test_dataset/1345.jpg,slope streak
/content/test_dataset/864.jpg,other
/content/test_dataset/968.jpg,other
/content/test_dataset/165.jpg,other
/content/test_dataset/939.jpg,other
/content/test_dataset/1386.jpg,other
/content/test_dataset/1586.jpg,slope streak
/content/test_dataset/164.jpg,other
/content/test_dataset/689.jpg,other
/content/test_dataset/1053.jpg,slope streak
/content/test_dataset/341.jpg,other
/content/test_dataset/1566.jpg,other
/content/test_dataset/868.jpg,bright dune
/content/test_dataset/1588.jpg,other
/content/test_dataset/1006.jpg,slope streak
/content/test_dataset/1856.jpg,other
/content/test_dataset/1640.jpg,crater
/content/test_dataset/1475.jpg,other
/content/test_dataset/9.jpg,other
/content/test_dataset/1542.jpg,dark dune
/content/test_dataset/455.jpg,other
/content/test_dataset/1187.jpg,dark dune
/content/test_dataset/809.jpg,crater
/content/test_dataset/803.jpg,other
/content/test_dataset/898.jpg,other
/content/test_dataset/808.jpg,other
/content/test_dataset/690.jpg,crater
/content/test_dataset/1323.jpg,other
/content/test_dataset/488.jpg,other
/content/test_dataset/586.jpg,swiss cheese
/content/test_dataset/336.jpg,other
/content/test_dataset/467.jpg,crater
/content/test_dataset/813.jpg,other
/content/test_dataset/65.jpg,other
/content/test_dataset/468.jpg,other
/content/test_dataset/951.jpg,crater
/content/test_dataset/1552.jpg,dark dune
/content/test_dataset/575.jpg,bright dune
/content/test_dataset/1589.jpg,other
/content/test_dataset/812.jpg,other
/content/test_dataset/1766.jpg,other
/content/test_dataset/192.jpg,crater
/content/test_dataset/1208.jpg,other
/content/test_dataset/1097.jpg,crater
/content/test_dataset/1663.jpg,other
/content/test_dataset/1178.jpg,bright dune
/content/test_dataset/1887.jpg,swiss cheese
/content/test_dataset/1375.jpg,other
/content/test_dataset/778.jpg,crater
/content/test_dataset/64.jpg,other
/content/test_dataset/669.jpg,other
/content/test_dataset/618.jpg,crater
/content/test_dataset/1140.jpg,swiss cheese
/content/test_dataset/149.jpg,other
/content/test_dataset/161.jpg,slope streak
/content/test_dataset/1267.jpg,other
/content/test_dataset/239.jpg,other
/content/test_dataset/124.jpg,slope streak
/content/test_dataset/687.jpg,other
/content/test_dataset/362.jpg,other
/content/test_dataset/715.jpg,slope streak
/content/test_dataset/550.jpg,other
/content/test_dataset/1081.jpg,slope streak
/content/test_dataset/921.jpg,slope streak
/content/test_dataset/375.jpg,other
/content/test_dataset/30.jpg,other
/content/test_dataset/366.jpg,bright dune
/content/test_dataset/176.jpg,other
/content/test_dataset/23.jpg,other
/content/test_dataset/240.jpg,other
/content/test_dataset/1352.jpg,other
/content/test_dataset/452.jpg,crater
/content/test_dataset/1002.jpg,other
/content/test_dataset/486.jpg,other
/content/test_dataset/721.jpg,crater
/content/test_dataset/1511.jpg,other
/content/test_dataset/785.jpg,other
/content/test_dataset/482.jpg,other
/content/test_dataset/1221.jpg,other
/content/test_dataset/1050.jpg,bright dune
/content/test_dataset/578.jpg,slope streak
/content/test_dataset/1091.jpg,other
/content/test_dataset/282.jpg,other
/content/test_dataset/516.jpg,other
/content/test_dataset/1062.jpg,other
/content/test_dataset/949.jpg,other
/content/test_dataset/131.jpg,other
/content/test_dataset/62.jpg,other
/content/test_dataset/1605.jpg,other
/content/test_dataset/32.jpg,other
/content/test_dataset/850.jpg,other
/content/test_dataset/641.jpg,other
/content/test_dataset/1598.jpg,other
/content/test_dataset/1697.jpg,other
/content/test_dataset/72.jpg,other
/content/test_dataset/262.jpg,other
/content/test_dataset/1357.jpg,other
/content/test_dataset/1554.jpg,crater
/content/test_dataset/1287.jpg,other
/content/test_dataset/654.jpg,slope streak
/content/test_dataset/520.jpg,bright dune
/content/test_dataset/1768.jpg,crater
/content/test_dataset/553.jpg,other
/content/test_dataset/748.jpg,bright dune
/content/test_dataset/1109.jpg,other
/content/test_dataset/1626.jpg,other
/content/test_dataset/1695.jpg,other
/content/test_dataset/1683.jpg,bright dune
/content/test_dataset/988.jpg,other
/content/test_dataset/404.jpg,crater
/content/test_dataset/1351.jpg,other
/content/test_dataset/1074.jpg,slope streak
/content/test_dataset/1453.jpg,other
/content/test_dataset/1297.jpg,other
/content/test_dataset/1964.jpg,other
/content/test_dataset/316.jpg,crater
/content/test_dataset/1112.jpg,crater
/content/test_dataset/1180.jpg,other
/content/test_dataset/1873.jpg,other
/content/test_dataset/489.jpg,slope streak
/content/test_dataset/1281.jpg,other
/content/test_dataset/1089.jpg,other
/content/test_dataset/321.jpg,crater
/content/test_dataset/1326.jpg,other
/content/test_dataset/1536.jpg,other
/content/test_dataset/1897.jpg,other
/content/test_dataset/1334.jpg,other
/content/test_dataset/70.jpg,crater
/content/test_dataset/374.jpg,dark dune
/content/test_dataset/483.jpg,other
/content/test_dataset/1346.jpg,slope streak
/content/test_dataset/1220.jpg,other
/content/test_dataset/214.jpg,slope streak
/content/test_dataset/1206.jpg,crater
/content/test_dataset/741.jpg,slope streak
/content/test_dataset/444.jpg,other
/content/test_dataset/647.jpg,other
/content/test_dataset/1668.jpg,other
/content/test_dataset/1487.jpg,other
/content/test_dataset/567.jpg,other
/content/test_dataset/1144.jpg,other
/content/test_dataset/745.jpg,other
/content/test_dataset/1537.jpg,other
/content/test_dataset/1374.jpg,swiss cheese
/content/test_dataset/401.jpg,crater
/content/test_dataset/201.jpg,crater
/content/test_dataset/1952.jpg,crater
/content/test_dataset/1167.jpg,swiss cheese
/content/test_dataset/959.jpg,dark dune
/content/test_dataset/564.jpg,crater
/content/test_dataset/1013.jpg,other
/content/test_dataset/1717.jpg,other
/content/test_dataset/570.jpg,other
/content/test_dataset/1426.jpg,bright dune
/content/test_dataset/1764.jpg,other
/content/test_dataset/265.jpg,other
/content/test_dataset/1627.jpg,crater
/content/test_dataset/1928.jpg,crater
/content/test_dataset/551.jpg,bright dune
/content/test_dataset/228.jpg,other
/content/test_dataset/771.jpg,other
/content/test_dataset/330.jpg,slope streak
/content/test_dataset/1653.jpg,crater
/content/test_dataset/840.jpg,crater
/content/test_dataset/475.jpg,crater
/content/test_dataset/76.jpg,other
/content/test_dataset/607.jpg,other
/content/test_dataset/1279.jpg,crater
/content/test_dataset/1546.jpg,other
/content/test_dataset/222.jpg,bright dune
/content/test_dataset/215.jpg,other
/content/test_dataset/710.jpg,other
/content/test_dataset/1354.jpg,other
/content/test_dataset/212.jpg,slope streak
/content/test_dataset/875.jpg,other
/content/test_dataset/1442.jpg,slope streak
/content/test_dataset/217.jpg,other
/content/test_dataset/307.jpg,other
/content/test_dataset/810.jpg,other
/content/test_dataset/981.jpg,slope streak
/content/test_dataset/1850.jpg,other
/content/test_dataset/93.jpg,other
/content/test_dataset/1171.jpg,swiss cheese
/content/test_dataset/860.jpg,other
/content/test_dataset/1444.jpg,other
/content/test_dataset/1632.jpg,other
/content/test_dataset/849.jpg,crater
/content/test_dataset/1981.jpg,slope streak
/content/test_dataset/1312.jpg,crater
/content/test_dataset/1153.jpg,other
/content/test_dataset/27.jpg,bright dune
/content/test_dataset/1404.jpg,crater
/content/test_dataset/545.jpg,crater
/content/test_dataset/340.jpg,bright dune
/content/test_dataset/1993.jpg,other
/content/test_dataset/655.jpg,other
/content/test_dataset/126.jpg,other
/content/test_dataset/4.jpg,other
/content/test_dataset/1985.jpg,other
/content/test_dataset/183.jpg,bright dune
/content/test_dataset/81.jpg,other
/content/test_dataset/306.jpg,other
/content/test_dataset/494.jpg,other
/content/test_dataset/1111.jpg,other
/content/test_dataset/1559.jpg,crater
/content/test_dataset/1818.jpg,slope streak
/content/test_dataset/569.jpg,other
/content/test_dataset/1867.jpg,other
/content/test_dataset/6.jpg,other
/content/test_dataset/1073.jpg,other
/content/test_dataset/1781.jpg,other
/content/test_dataset/946.jpg,other
/content/test_dataset/794.jpg,other
/content/test_dataset/1252.jpg,swiss cheese
/content/test_dataset/501.jpg,other
/content/test_dataset/426.jpg,other
/content/test_dataset/714.jpg,other
/content/test_dataset/177.jpg,other
/content/test_dataset/1772.jpg,crater
/content/test_dataset/1603.jpg,other
/content/test_dataset/1250.jpg,crater
/content/test_dataset/1564.jpg,crater
/content/test_dataset/484.jpg,other
/content/test_dataset/270.jpg,other
/content/test_dataset/511.jpg,bright dune
/content/test_dataset/1587.jpg,other
/content/test_dataset/297.jpg,other
/content/test_dataset/1715.jpg,swiss cheese
/content/test_dataset/495.jpg,bright dune
/content/test_dataset/1402.jpg,slope streak
/content/test_dataset/197.jpg,bright dune
/content/test_dataset/904.jpg,other
/content/test_dataset/1284.jpg,crater
/content/test_dataset/784.jpg,other
/content/test_dataset/1785.jpg,other
/content/test_dataset/1755.jpg,other
/content/test_dataset/899.jpg,other
/content/test_dataset/68.jpg,other
/content/test_dataset/203.jpg,other
/content/test_dataset/1177.jpg,other
/content/test_dataset/543.jpg,bright dune
/content/test_dataset/518.jpg,other
/content/test_dataset/99.jpg,other
/content/test_dataset/1421.jpg,other
/content/test_dataset/1327.jpg,other
/content/test_dataset/1372.jpg,dark dune
/content/test_dataset/1163.jpg,other
/content/test_dataset/1578.jpg,other
/content/test_dataset/1474.jpg,crater
/content/test_dataset/1844.jpg,other
/content/test_dataset/1166.jpg,other
/content/test_dataset/599.jpg,other
/content/test_dataset/720.jpg,other
/content/test_dataset/272.jpg,other
/content/test_dataset/1181.jpg,other
/content/test_dataset/658.jpg,bright dune
/content/test_dataset/171.jpg,other
/content/test_dataset/1483.jpg,other
/content/test_dataset/1315.jpg,other
/content/test_dataset/717.jpg,other
/content/test_dataset/1930.jpg,other
/content/test_dataset/1305.jpg,other
/content/test_dataset/597.jpg,swiss cheese
/content/test_dataset/1630.jpg,other
/content/test_dataset/666.jpg,crater
/content/test_dataset/724.jpg,other
/content/test_dataset/333.jpg,other
/content/test_dataset/351.jpg,other
/content/test_dataset/770.jpg,swiss cheese
/content/test_dataset/1507.jpg,other
/content/test_dataset/1792.jpg,bright dune
/content/test_dataset/562.jpg,other
/content/test_dataset/1406.jpg,crater
/content/test_dataset/1465.jpg,slope streak
/content/test_dataset/1145.jpg,crater
/content/test_dataset/878.jpg,other
/content/test_dataset/1738.jpg,other
/content/test_dataset/471.jpg,other
/content/test_dataset/360.jpg,other
/content/test_dataset/538.jpg,other
/content/test_dataset/1972.jpg,other
/content/test_dataset/1448.jpg,other
/content/test_dataset/920.jpg,crater
/content/test_dataset/1138.jpg,other
/content/test_dataset/762.jpg,swiss cheese
/content/test_dataset/354.jpg,other
/content/test_dataset/1608.jpg,other
/content/test_dataset/1237.jpg,other
/content/test_dataset/1063.jpg,other
/content/test_dataset/680.jpg,other
/content/test_dataset/588.jpg,other
/content/test_dataset/881.jpg,other
/content/test_dataset/1990.jpg,other
/content/test_dataset/522.jpg,other
/content/test_dataset/280.jpg,slope streak
/content/test_dataset/1834.jpg,crater
/content/test_dataset/304.jpg,other
/content/test_dataset/528.jpg,dark dune
/content/test_dataset/732.jpg,other
/content/test_dataset/557.jpg,other
/content/test_dataset/985.jpg,crater
/content/test_dataset/941.jpg,other
/content/test_dataset/1584.jpg,other
/content/test_dataset/347.jpg,other
/content/test_dataset/1710.jpg,dark dune
/content/test_dataset/527.jpg,other
/content/test_dataset/1452.jpg,other
/content/test_dataset/162.jpg,other
/content/test_dataset/82.jpg,other
/content/test_dataset/114.jpg,other
/content/test_dataset/838.jpg,other
/content/test_dataset/1936.jpg,other
/content/test_dataset/1286.jpg,bright dune
/content/test_dataset/731.jpg,other
/content/test_dataset/605.jpg,other
/content/test_dataset/982.jpg,swiss cheese
/content/test_dataset/1502.jpg,dark dune
/content/test_dataset/603.jpg,other
/content/test_dataset/1890.jpg,bright dune
/content/test_dataset/1853.jpg,crater
/content/test_dataset/1674.jpg,other
/content/test_dataset/98.jpg,other
/content/test_dataset/346.jpg,bright dune
/content/test_dataset/1100.jpg,crater
/content/test_dataset/512.jpg,other
/content/test_dataset/1831.jpg,other
/content/test_dataset/513.jpg,crater
/content/test_dataset/1423.jpg,other
/content/test_dataset/974.jpg,slope streak
/content/test_dataset/1071.jpg,other
/content/test_dataset/1744.jpg,slope streak
/content/test_dataset/612.jpg,other
/content/test_dataset/722.jpg,crater
/content/test_dataset/490.jpg,bright dune
/content/test_dataset/584.jpg,bright dune
/content/test_dataset/1803.jpg,other
/content/test_dataset/1410.jpg,other
/content/test_dataset/515.jpg,other
/content/test_dataset/1992.jpg,bright dune
/content/test_dataset/1057.jpg,other
/content/test_dataset/707.jpg,slope streak
/content/test_dataset/158.jpg,other
/content/test_dataset/751.jpg,other
/content/test_dataset/287.jpg,other
/content/test_dataset/1573.jpg,other
/content/test_dataset/1895.jpg,other
/content/test_dataset/1368.jpg,crater
/content/test_dataset/973.jpg,other
/content/test_dataset/1994.jpg,other
/content/test_dataset/804.jpg,bright dune
/content/test_dataset/1825.jpg,other
/content/test_dataset/1862.jpg,other
/content/test_dataset/955.jpg,crater
/content/test_dataset/1117.jpg,other
/content/test_dataset/1709.jpg,other
/content/test_dataset/1486.jpg,crater
/content/test_dataset/1212.jpg,bright dune
/content/test_dataset/845.jpg,other
/content/test_dataset/1798.jpg,crater
/content/test_dataset/1476.jpg,crater
/content/test_dataset/1244.jpg,crater
/content/test_dataset/622.jpg,crater
/content/test_dataset/1424.jpg,other
/content/test_dataset/1495.jpg,other
/content/test_dataset/753.jpg,crater
/content/test_dataset/1301.jpg,other
/content/test_dataset/377.jpg,crater
/content/test_dataset/394.jpg,slope streak
/content/test_dataset/83.jpg,bright dune
/content/test_dataset/694.jpg,bright dune
/content/test_dataset/1915.jpg,crater
/content/test_dataset/1132.jpg,crater
/content/test_dataset/1122.jpg,other
/content/test_dataset/609.jpg,other
/content/test_dataset/275.jpg,other
/content/test_dataset/1467.jpg,other
/content/test_dataset/389.jpg,crater
/content/test_dataset/1625.jpg,other
/content/test_dataset/237.jpg,other
/content/test_dataset/1131.jpg,bright dune
/content/test_dataset/1103.jpg,dark dune
/content/test_dataset/499.jpg,dark dune
/content/test_dataset/582.jpg,other
/content/test_dataset/429.jpg,other
/content/test_dataset/1746.jpg,swiss cheese
/content/test_dataset/160.jpg,other
/content/test_dataset/246.jpg,other
/content/test_dataset/1332.jpg,other
/content/test_dataset/1631.jpg,slope streak
/content/test_dataset/1790.jpg,other
/content/test_dataset/1949.jpg,crater
/content/test_dataset/208.jpg,crater
/content/test_dataset/706.jpg,bright dune
/content/test_dataset/1412.jpg,other
/content/test_dataset/1288.jpg,crater
/content/test_dataset/1461.jpg,other
/content/test_dataset/958.jpg,other
/content/test_dataset/510.jpg,other
/content/test_dataset/1533.jpg,crater
/content/test_dataset/497.jpg,crater
/content/test_dataset/914.jpg,slope streak
/content/test_dataset/817.jpg,other
/content/test_dataset/1811.jpg,other
/content/test_dataset/1694.jpg,slope streak
/content/test_dataset/1878.jpg,slope streak
/content/test_dataset/1199.jpg,other
/content/test_dataset/1802.jpg,other
/content/test_dataset/1667.jpg,other
/content/test_dataset/1156.jpg,other
/content/test_dataset/712.jpg,other
/content/test_dataset/685.jpg,crater
/content/test_dataset/829.jpg,other
/content/test_dataset/934.jpg,other
/content/test_dataset/1647.jpg,other
/content/test_dataset/514.jpg,crater
/content/test_dataset/1036.jpg,other
/content/test_dataset/1859.jpg,other
/content/test_dataset/1704.jpg,other
/content/test_dataset/1955.jpg,other
/content/test_dataset/3.jpg,other
/content/test_dataset/640.jpg,crater
/content/test_dataset/1337.jpg,bright dune
/content/test_dataset/1929.jpg,other
/content/test_dataset/1240.jpg,other
/content/test_dataset/539.jpg,other
/content/test_dataset/112.jpg,other
/content/test_dataset/524.jpg,swiss cheese
/content/test_dataset/857.jpg,slope streak
/content/test_dataset/1052.jpg,crater
/content/test_dataset/1731.jpg,swiss cheese
/content/test_dataset/364.jpg,other
/content/test_dataset/725.jpg,other
/content/test_dataset/1747.jpg,bright dune
/content/test_dataset/150.jpg,crater
/content/test_dataset/1040.jpg,slope streak
/content/test_dataset/1896.jpg,other
/content/test_dataset/1713.jpg,other
/content/test_dataset/458.jpg,other
/content/test_dataset/1491.jpg,other
/content/test_dataset/266.jpg,other
/content/test_dataset/1839.jpg,other
/content/test_dataset/1779.jpg,other
/content/test_dataset/1787.jpg,other
/content/test_dataset/474.jpg,other
/content/test_dataset/1954.jpg,bright dune
/content/test_dataset/1086.jpg,swiss cheese
/content/test_dataset/251.jpg,other
/content/test_dataset/373.jpg,other
/content/test_dataset/1204.jpg,other
/content/test_dataset/1390.jpg,other
/content/test_dataset/1719.jpg,other
/content/test_dataset/1523.jpg,bright dune
/content/test_dataset/1348.jpg,other
/content/test_dataset/1069.jpg,other
/content/test_dataset/727.jpg,other
/content/test_dataset/579.jpg,other
/content/test_dataset/290.jpg,crater
/content/test_dataset/491.jpg,crater
/content/test_dataset/1484.jpg,crater
/content/test_dataset/1245.jpg,other
/content/test_dataset/78.jpg,other
/content/test_dataset/1889.jpg,slope streak
/content/test_dataset/135.jpg,bright dune
/content/test_dataset/788.jpg,other
/content/test_dataset/1691.jpg,other
/content/test_dataset/765.jpg,other
/content/test_dataset/1812.jpg,other
/content/test_dataset/1389.jpg,other
/content/test_dataset/650.jpg,other
/content/test_dataset/1893.jpg,dark dune
/content/test_dataset/1526.jpg,swiss cheese
/content/test_dataset/96.jpg,other
/content/test_dataset/1771.jpg,other
/content/test_dataset/139.jpg,other
/content/test_dataset/533.jpg,other
/content/test_dataset/1669.jpg,crater
/content/test_dataset/206.jpg,other
/content/test_dataset/1616.jpg,crater
/content/test_dataset/867.jpg,crater
/content/test_dataset/1980.jpg,bright dune
/content/test_dataset/100.jpg,crater
/content/test_dataset/1729.jpg,other
/content/test_dataset/1528.jpg,bright dune
/content/test_dataset/1622.jpg,swiss cheese
/content/test_dataset/990.jpg,other
/content/test_dataset/105.jpg,crater
/content/test_dataset/335.jpg,other
/content/test_dataset/1356.jpg,other
/content/test_dataset/384.jpg,swiss cheese
/content/test_dataset/1543.jpg,other
/content/test_dataset/1232.jpg,other
/content/test_dataset/193.jpg,other
/content/test_dataset/566.jpg,dark dune
/content/test_dataset/1841.jpg,other
/content/test_dataset/257.jpg,swiss cheese
/content/test_dataset/1249.jpg,crater
/content/test_dataset/433.jpg,crater
/content/test_dataset/801.jpg,bright dune
/content/test_dataset/220.jpg,other
/content/test_dataset/866.jpg,crater
/content/test_dataset/91.jpg,other
/content/test_dataset/459.jpg,other
/content/test_dataset/1197.jpg,other
/content/test_dataset/1902.jpg,crater
/content/test_dataset/820.jpg,other
/content/test_dataset/219.jpg,other
/content/test_dataset/830.jpg,crater
/content/test_dataset/757.jpg,other
/content/test_dataset/102.jpg,other
/content/test_dataset/1028.jpg,other
/content/test_dataset/1614.jpg,other
/content/test_dataset/769.jpg,other
/content/test_dataset/52.jpg,other
/content/test_dataset/1121.jpg,other
/content/test_dataset/1645.jpg,other
/content/test_dataset/931.jpg,crater
/content/test_dataset/789.jpg,other
/content/test_dataset/186.jpg,other
/content/test_dataset/313.jpg,crater
/content/test_dataset/1644.jpg,bright dune
/content/test_dataset/1047.jpg,swiss cheese
/content/test_dataset/1268.jpg,bright dune
/content/test_dataset/614.jpg,crater
/content/test_dataset/930.jpg,crater
/content/test_dataset/1329.jpg,bright dune
/content/test_dataset/11.jpg,other
/content/test_dataset/1146.jpg,bright dune
/content/test_dataset/180.jpg,other
/content/test_dataset/224.jpg,swiss cheese
/content/test_dataset/216.jpg,other
/content/test_dataset/593.jpg,other
/content/test_dataset/5.jpg,other
/content/test_dataset/1684.jpg,other
/content/test_dataset/407.jpg,crater
/content/test_dataset/317.jpg,other
/content/test_dataset/1870.jpg,other
/content/test_dataset/1001.jpg,other
/content/test_dataset/1742.jpg,other
/content/test_dataset/225.jpg,other
/content/test_dataset/1257.jpg,other
/content/test_dataset/1612.jpg,other
/content/test_dataset/40.jpg,other
/content/test_dataset/737.jpg,crater
/content/test_dataset/1830.jpg,other
/content/test_dataset/89.jpg,bright dune
/content/test_dataset/703.jpg,slope streak
/content/test_dataset/470.jpg,crater
/content/test_dataset/908.jpg,other
/content/test_dataset/752.jpg,bright dune
/content/test_dataset/517.jpg,other
/content/test_dataset/1136.jpg,bright dune
/content/test_dataset/1207.jpg,other
/content/test_dataset/393.jpg,dark dune
/content/test_dataset/1464.jpg,other
/content/test_dataset/1415.jpg,crater
/content/test_dataset/591.jpg,other
/content/test_dataset/945.jpg,other
/content/test_dataset/92.jpg,crater
/content/test_dataset/705.jpg,crater
/content/test_dataset/1580.jpg,crater
/content/test_dataset/1843.jpg,crater
/content/test_dataset/559.jpg,other
/content/test_dataset/1600.jpg,other
/content/test_dataset/1282.jpg,other
/content/test_dataset/1693.jpg,other
/content/test_dataset/363.jpg,other
/content/test_dataset/1984.jpg,other
/content/test_dataset/965.jpg,other
/content/test_dataset/127.jpg,other
/content/test_dataset/1680.jpg,other
/content/test_dataset/398.jpg,other
/content/test_dataset/696.jpg,other
/content/test_dataset/755.jpg,other
/content/test_dataset/1201.jpg,other
/content/test_dataset/1808.jpg,bright dune
/content/test_dataset/403.jpg,swiss cheese
/content/test_dataset/318.jpg,other
/content/test_dataset/1126.jpg,other
/content/test_dataset/381.jpg,other
/content/test_dataset/437.jpg,other
/content/test_dataset/1457.jpg,other
/content/test_dataset/1184.jpg,other
/content/test_dataset/991.jpg,other
/content/test_dataset/1361.jpg,other
/content/test_dataset/1371.jpg,other
/content/test_dataset/1133.jpg,crater
/content/test_dataset/1865.jpg,other
/content/test_dataset/675.jpg,swiss cheese
/content/test_dataset/1736.jpg,other
/content/test_dataset/106.jpg,other
/content/test_dataset/598.jpg,crater
/content/test_dataset/199.jpg,other
/content/test_dataset/938.jpg,other
/content/test_dataset/831.jpg,slope streak
/content/test_dataset/1676.jpg,other
/content/test_dataset/782.jpg,bright dune
/content/test_dataset/1575.jpg,other
/content/test_dataset/410.jpg,bright dune
/content/test_dataset/1875.jpg,other
/content/test_dataset/343.jpg,other
/content/test_dataset/487.jpg,bright dune
/content/test_dataset/344.jpg,other
/content/test_dataset/85.jpg,crater
/content/test_dataset/1157.jpg,other
/content/test_dataset/1881.jpg,slope streak
/content/test_dataset/792.jpg,other
/content/test_dataset/1977.jpg,other
/content/test_dataset/35.jpg,bright dune
/content/test_dataset/1422.jpg,other
/content/test_dataset/154.jpg,other
/content/test_dataset/1007.jpg,slope streak
/content/test_dataset/1597.jpg,other
/content/test_dataset/1438.jpg,other
/content/test_dataset/1160.jpg,other
/content/test_dataset/660.jpg,bright dune
/content/test_dataset/1506.jpg,other
/content/test_dataset/198.jpg,other
/content/test_dataset/138.jpg,other
/content/test_dataset/1169.jpg,other
/content/test_dataset/1341.jpg,bright dune
/content/test_dataset/1505.jpg,bright dune
/content/test_dataset/880.jpg,other
/content/test_dataset/1720.jpg,bright dune
/content/test_dataset/449.jpg,other
/content/test_dataset/504.jpg,other
/content/test_dataset/1299.jpg,other
/content/test_dataset/255.jpg,dark dune
/content/test_dataset/1718.jpg,crater
/content/test_dataset/1864.jpg,other
/content/test_dataset/1863.jpg,crater
/content/test_dataset/892.jpg,other
/content/test_dataset/1015.jpg,other
/content/test_dataset/1641.jpg,other
/content/test_dataset/1194.jpg,other
/content/test_dataset/24.jpg,bright dune
/content/test_dataset/821.jpg,other
/content/test_dataset/1513.jpg,swiss cheese
/content/test_dataset/17.jpg,crater
/content/test_dataset/1782.jpg,other
/content/test_dataset/1971.jpg,other
/content/test_dataset/259.jpg,crater
/content/test_dataset/915.jpg,other
/content/test_dataset/1031.jpg,other
/content/test_dataset/157.jpg,other
/content/test_dataset/111.jpg,bright dune
/content/test_dataset/184.jpg,bright dune
/content/test_dataset/314.jpg,crater
/content/test_dataset/851.jpg,other
/content/test_dataset/1308.jpg,other
/content/test_dataset/1248.jpg,other
/content/test_dataset/873.jpg,crater
/content/test_dataset/269.jpg,other
/content/test_dataset/638.jpg,crater
/content/test_dataset/1761.jpg,bright dune
/content/test_dataset/137.jpg,crater
/content/test_dataset/704.jpg,other
/content/test_dataset/853.jpg,bright dune
/content/test_dataset/409.jpg,slope streak
/content/test_dataset/869.jpg,other
/content/test_dataset/1868.jpg,other
/content/test_dataset/1243.jpg,other
/content/test_dataset/1883.jpg,other
/content/test_dataset/1827.jpg,other
/content/test_dataset/1266.jpg,crater
/content/test_dataset/345.jpg,other
/content/test_dataset/243.jpg,other
/content/test_dataset/800.jpg,crater
/content/test_dataset/555.jpg,crater
/content/test_dataset/380.jpg,other
/content/test_dataset/1944.jpg,other
/content/test_dataset/1391.jpg,other
/content/test_dataset/460.jpg,other
/content/test_dataset/1255.jpg,other
/content/test_dataset/1927.jpg,other
/content/test_dataset/764.jpg,slope streak
/content/test_dataset/278.jpg,other
/content/test_dataset/1125.jpg,swiss cheese
/content/test_dataset/1682.jpg,other
/content/test_dataset/466.jpg,crater
/content/test_dataset/1399.jpg,other
/content/test_dataset/1969.jpg,other
/content/test_dataset/1765.jpg,swiss cheese
/content/test_dataset/39.jpg,other
/content/test_dataset/1851.jpg,other
/content/test_dataset/1210.jpg,other
/content/test_dataset/63.jpg,other
/content/test_dataset/202.jpg,slope streak
/content/test_dataset/1349.jpg,other
/content/test_dataset/213.jpg,other
/content/test_dataset/1188.jpg,other
/content/test_dataset/677.jpg,crater
/content/test_dataset/1273.jpg,dark dune
/content/test_dataset/657.jpg,other
/content/test_dataset/1393.jpg,other
/content/test_dataset/1806.jpg,other
/content/test_dataset/1858.jpg,other
/content/test_dataset/113.jpg,other
/content/test_dataset/73.jpg,crater
/content/test_dataset/1730.jpg,other
/content/test_dataset/633.jpg,other
/content/test_dataset/319.jpg,other
/content/test_dataset/1770.jpg,other
/content/test_dataset/416.jpg,slope streak
/content/test_dataset/1434.jpg,bright dune
/content/test_dataset/1943.jpg,crater
/content/test_dataset/1317.jpg,other
/content/test_dataset/846.jpg,bright dune
/content/test_dataset/667.jpg,other
/content/test_dataset/686.jpg,crater
/content/test_dataset/832.jpg,other
/content/test_dataset/1225.jpg,crater
/content/test_dataset/1966.jpg,slope streak
/content/test_dataset/1935.jpg,bright dune
/content/test_dataset/980.jpg,other
/content/test_dataset/906.jpg,other
/content/test_dataset/42.jpg,bright dune
/content/test_dataset/1500.jpg,other
/content/test_dataset/1051.jpg,other
/content/test_dataset/427.jpg,other
/content/test_dataset/312.jpg,other
/content/test_dataset/1522.jpg,crater
/content/test_dataset/1551.jpg,other
/content/test_dataset/1211.jpg,other
/content/test_dataset/1838.jpg,other
/content/test_dataset/273.jpg,other
/content/test_dataset/1791.jpg,other
/content/test_dataset/1613.jpg,other
/content/test_dataset/910.jpg,other
/content/test_dataset/1403.jpg,slope streak
/content/test_dataset/1690.jpg,other
/content/test_dataset/1173.jpg,other
/content/test_dataset/365.jpg,crater
/content/test_dataset/1903.jpg,bright dune
/content/test_dataset/348.jpg,dark dune
/content/test_dataset/1291.jpg,bright dune
/content/test_dataset/1012.jpg,other
/content/test_dataset/1921.jpg,other
/content/test_dataset/936.jpg,other
/content/test_dataset/1016.jpg,crater
/content/test_dataset/1429.jpg,crater
/content/test_dataset/1950.jpg,other
/content/test_dataset/1840.jpg,other
/content/test_dataset/442.jpg,swiss cheese
/content/test_dataset/1749.jpg,other
/content/test_dataset/1899.jpg,other
/content/test_dataset/250.jpg,bright dune
/content/test_dataset/144.jpg,other
/content/test_dataset/1384.jpg,other
/content/test_dataset/1325.jpg,other
/content/test_dataset/1217.jpg,swiss cheese
/content/test_dataset/1565.jpg,other
/content/test_dataset/815.jpg,other
/content/test_dataset/827.jpg,other
/content/test_dataset/66.jpg,bright dune
/content/test_dataset/1231.jpg,other
/content/test_dataset/226.jpg,other
/content/test_dataset/142.jpg,other
/content/test_dataset/465.jpg,other
/content/test_dataset/1624.jpg,other
/content/test_dataset/1639.jpg,other
/content/test_dataset/415.jpg,crater
/content/test_dataset/463.jpg,other
/content/test_dataset/891.jpg,other
/content/test_dataset/1745.jpg,bright dune
/content/test_dataset/1617.jpg,other
/content/test_dataset/1508.jpg,crater
/content/test_dataset/1148.jpg,other
/content/test_dataset/1269.jpg,other
/content/test_dataset/1175.jpg,dark dune
/content/test_dataset/1182.jpg,other
/content/test_dataset/101.jpg,other
/content/test_dataset/874.jpg,other
/content/test_dataset/1381.jpg,other
/content/test_dataset/45.jpg,other
/content/test_dataset/733.jpg,other
/content/test_dataset/1066.jpg,other
/content/test_dataset/1108.jpg,other
/content/test_dataset/1417.jpg,other
/content/test_dataset/700.jpg,other
/content/test_dataset/1439.jpg,other
/content/test_dataset/507.jpg,other
/content/test_dataset/1701.jpg,other
/content/test_dataset/547.jpg,other
/content/test_dataset/1005.jpg,other
/content/test_dataset/123.jpg,other
/content/test_dataset/1455.jpg,other
/content/test_dataset/911.jpg,other
/content/test_dataset/392.jpg,other
/content/test_dataset/1430.jpg,other
/content/test_dataset/1321.jpg,crater
/content/test_dataset/352.jpg,other
/content/test_dataset/478.jpg,crater
/content/test_dataset/1367.jpg,other
/content/test_dataset/1514.jpg,crater
/content/test_dataset/1837.jpg,other
/content/test_dataset/744.jpg,other
/content/test_dataset/1711.jpg,crater
/content/test_dataset/996.jpg,other
/content/test_dataset/472.jpg,other
/content/test_dataset/500.jpg,other
/content/test_dataset/750.jpg,swiss cheese
/content/test_dataset/601.jpg,other
/content/test_dataset/1115.jpg,bright dune
/content/test_dataset/1213.jpg,other
/content/test_dataset/942.jpg,swiss cheese
/content/test_dataset/1293.jpg,crater
/content/test_dataset/301.jpg,bright dune
/content/test_dataset/531.jpg,other
/content/test_dataset/1906.jpg,other
/content/test_dataset/1333.jpg,other
/content/test_dataset/136.jpg,other
/content/test_dataset/977.jpg,other
/content/test_dataset/1673.jpg,other
/content/test_dataset/1343.jpg,other
/content/test_dataset/1214.jpg,other
/content/test_dataset/1447.jpg,crater
/content/test_dataset/1733.jpg,other
/content/test_dataset/1394.jpg,other
/content/test_dataset/563.jpg,other
/content/test_dataset/670.jpg,other
/content/test_dataset/1459.jpg,other
/content/test_dataset/387.jpg,other
/content/test_dataset/1643.jpg,slope streak
/content/test_dataset/1488.jpg,bright dune
/content/test_dataset/406.jpg,other
/content/test_dataset/1752.jpg,other
/content/test_dataset/1657.jpg,swiss cheese
/content/test_dataset/1076.jpg,crater
/content/test_dataset/506.jpg,slope streak
/content/test_dataset/33.jpg,crater
/content/test_dataset/656.jpg,bright dune
/content/test_dataset/1762.jpg,other
/content/test_dataset/642.jpg,slope streak
/content/test_dataset/763.jpg,other
/content/test_dataset/1070.jpg,other
/content/test_dataset/1707.jpg,other
/content/test_dataset/1571.jpg,other
/content/test_dataset/1574.jpg,other
/content/test_dataset/758.jpg,other
/content/test_dataset/1794.jpg,other
/content/test_dataset/1313.jpg,other
/content/test_dataset/816.jpg,bright dune
/content/test_dataset/1106.jpg,other
/content/test_dataset/1360.jpg,other
/content/test_dataset/462.jpg,other
/content/test_dataset/1380.jpg,other
/content/test_dataset/1799.jpg,bright dune
/content/test_dataset/1104.jpg,other
/content/test_dataset/1239.jpg,other
/content/test_dataset/1960.jpg,crater
/content/test_dataset/1054.jpg,bright dune
/content/test_dataset/1420.jpg,slope streak
/content/test_dataset/1901.jpg,other
/content/test_dataset/435.jpg,other
/content/test_dataset/1481.jpg,bright dune
/content/test_dataset/1411.jpg,slope streak
/content/test_dataset/1222.jpg,other
/content/test_dataset/1541.jpg,swiss cheese
/content/test_dataset/1934.jpg,other
/content/test_dataset/1027.jpg,other
/content/test_dataset/984.jpg,bright dune
/content/test_dataset/1734.jpg,bright dune
/content/test_dataset/419.jpg,other
/content/test_dataset/1557.jpg,crater
/content/test_dataset/456.jpg,dark dune
/content/test_dataset/740.jpg,bright dune
/content/test_dataset/1492.jpg,crater
/content/test_dataset/140.jpg,bright dune
/content/test_dataset/1970.jpg,other
/content/test_dataset/558.jpg,bright dune
/content/test_dataset/922.jpg,swiss cheese
/content/test_dataset/13.jpg,other
/content/test_dataset/1767.jpg,other
/content/test_dataset/535.jpg,other
/content/test_dataset/1925.jpg,other
/content/test_dataset/1498.jpg,other
/content/test_dataset/84.jpg,other
/content/test_dataset/169.jpg,other
/content/test_dataset/730.jpg,other
/content/test_dataset/870.jpg,other
/content/test_dataset/738.jpg,other
/content/test_dataset/1119.jpg,slope streak
/content/test_dataset/110.jpg,crater
/content/test_dataset/1127.jpg,other
/content/test_dataset/1726.jpg,other
/content/test_dataset/29.jpg,other
/content/test_dataset/1195.jpg,slope streak
/content/test_dataset/10.jpg,other
/content/test_dataset/1215.jpg,other
/content/test_dataset/1067.jpg,bright dune
/content/test_dataset/339.jpg,other
/content/test_dataset/1869.jpg,other
/content/test_dataset/1048.jpg,slope streak
/content/test_dataset/1379.jpg,other
/content/test_dataset/175.jpg,other
/content/test_dataset/1272.jpg,other
/content/test_dataset/1458.jpg,slope streak
/content/test_dataset/1866.jpg,other
/content/test_dataset/1509.jpg,other
/content/test_dataset/1807.jpg,other
/content/test_dataset/1019.jpg,other
/content/test_dataset/1805.jpg,other
/content/test_dataset/1079.jpg,swiss cheese
/content/test_dataset/561.jpg,bright dune
/content/test_dataset/1319.jpg,other
/content/test_dataset/887.jpg,bright dune
/content/test_dataset/1532.jpg,other
/content/test_dataset/1610.jpg,other
/content/test_dataset/43.jpg,bright dune
/content/test_dataset/1609.jpg,other
/content/test_dataset/970.jpg,other
/content/test_dataset/1611.jpg,swiss cheese
/content/test_dataset/1753.jpg,other
/content/test_dataset/897.jpg,other
/content/test_dataset/811.jpg,other
/content/test_dataset/882.jpg,other
/content/test_dataset/862.jpg,slope streak
/content/test_dataset/925.jpg,other
/content/test_dataset/432.jpg,other
/content/test_dataset/1560.jpg,other
/content/test_dataset/1010.jpg,crater
/content/test_dataset/1277.jpg,other
/content/test_dataset/1021.jpg,other
/content/test_dataset/1833.jpg,other
/content/test_dataset/871.jpg,other
/content/test_dataset/1621.jpg,other
/content/test_dataset/1118.jpg,crater
/content/test_dataset/1656.jpg,other
/content/test_dataset/1065.jpg,bright dune
/content/test_dataset/342.jpg,other
/content/test_dataset/628.jpg,other
/content/test_dataset/292.jpg,other
/content/test_dataset/1563.jpg,other
/content/test_dataset/983.jpg,other
/content/test_dataset/147.jpg,other
/content/test_dataset/615.jpg,crater
/content/test_dataset/207.jpg,crater
/content/test_dataset/268.jpg,other
/content/test_dataset/1172.jpg,other
/content/test_dataset/1085.jpg,other
/content/test_dataset/1124.jpg,other
/content/test_dataset/975.jpg,other
/content/test_dataset/79.jpg,swiss cheese
/content/test_dataset/1650.jpg,other
/content/test_dataset/1080.jpg,other
/content/test_dataset/679.jpg,other
/content/test_dataset/1328.jpg,other
/content/test_dataset/1810.jpg,other
/content/test_dataset/1989.jpg,bright dune
/content/test_dataset/1078.jpg,bright dune
/content/test_dataset/242.jpg,other
/content/test_dataset/1615.jpg,bright dune
/content/test_dataset/469.jpg,crater
/content/test_dataset/1741.jpg,other
/content/test_dataset/1607.jpg,other
/content/test_dataset/1620.jpg,other
/content/test_dataset/668.jpg,bright dune
/content/test_dataset/1335.jpg,crater
/content/test_dataset/1958.jpg,bright dune
/content/test_dataset/1567.jpg,other
/content/test_dataset/1055.jpg,bright dune
/content/test_dataset/289.jpg,slope streak
/content/test_dataset/1577.jpg,crater
/content/test_dataset/1241.jpg,slope streak
/content/test_dataset/822.jpg,dark dune
/content/test_dataset/1629.jpg,other
/content/test_dataset/386.jpg,other
/content/test_dataset/682.jpg,other
/content/test_dataset/327.jpg,other
/content/test_dataset/1260.jpg,crater
/content/test_dataset/1451.jpg,other
/content/test_dataset/1905.jpg,other
/content/test_dataset/947.jpg,other
/content/test_dataset/1956.jpg,other
/content/test_dataset/1751.jpg,crater
/content/test_dataset/1685.jpg,other
/content/test_dataset/560.jpg,other
/content/test_dataset/1437.jpg,other
/content/test_dataset/331.jpg,slope streak
/content/test_dataset/1593.jpg,other
/content/test_dataset/1347.jpg,other
/content/test_dataset/978.jpg,other
/content/test_dataset/842.jpg,other
/content/test_dataset/1191.jpg,other
/content/test_dataset/50.jpg,bright dune
/content/test_dataset/998.jpg,bright dune
/content/test_dataset/834.jpg,other
/content/test_dataset/1665.jpg,other
/content/test_dataset/1826.jpg,other
/content/test_dataset/1784.jpg,bright dune
/content/test_dataset/14.jpg,crater
/content/test_dataset/1619.jpg,other
/content/test_dataset/372.jpg,other
/content/test_dataset/1688.jpg,other
/content/test_dataset/1497.jpg,other
/content/test_dataset/1602.jpg,other
/content/test_dataset/253.jpg,slope streak
/content/test_dataset/976.jpg,other
/content/test_dataset/1504.jpg,other
/content/test_dataset/1582.jpg,swiss cheese
/content/test_dataset/1796.jpg,crater
/content/test_dataset/178.jpg,other
/content/test_dataset/1633.jpg,dark dune
/content/test_dataset/1824.jpg,other
/content/test_dataset/1316.jpg,other
/content/test_dataset/841.jpg,other
/content/test_dataset/592.jpg,other
/content/test_dataset/1296.jpg,swiss cheese
/content/test_dataset/1539.jpg,crater
/content/test_dataset/1957.jpg,other
/content/test_dataset/223.jpg,other
/content/test_dataset/625.jpg,other
/content/test_dataset/1105.jpg,other
/content/test_dataset/1151.jpg,slope streak
/content/test_dataset/209.jpg,dark dune
/content/test_dataset/1797.jpg,other
/content/test_dataset/1088.jpg,bright dune
/content/test_dataset/776.jpg,bright dune
/content/test_dataset/338.jpg,other
/content/test_dataset/1376.jpg,other
/content/test_dataset/148.jpg,other
/content/test_dataset/370.jpg,swiss cheese
/content/test_dataset/1879.jpg,other
/content/test_dataset/746.jpg,other
/content/test_dataset/1336.jpg,other
/content/test_dataset/443.jpg,bright dune
/content/test_dataset/1043.jpg,other
/content/test_dataset/1714.jpg,other
/content/test_dataset/1302.jpg,slope streak
/content/test_dataset/286.jpg,other
/content/test_dataset/859.jpg,crater
/content/test_dataset/1942.jpg,other
/content/test_dataset/428.jpg,other
/content/test_dataset/232.jpg,slope streak
/content/test_dataset/2000.jpg,other
/content/test_dataset/1963.jpg,bright dune
/content/test_dataset/1320.jpg,other
/content/test_dataset/1931.jpg,other
/content/test_dataset/1677.jpg,other
/content/test_dataset/1658.jpg,slope streak
/content/test_dataset/1353.jpg,other
/content/test_dataset/1723.jpg,other
/content/test_dataset/1014.jpg,crater
/content/test_dataset/888.jpg,other
/content/test_dataset/948.jpg,other
/content/test_dataset/1982.jpg,other
/content/test_dataset/1196.jpg,other
/content/test_dataset/1472.jpg,other
/content/test_dataset/21.jpg,other
/content/test_dataset/190.jpg,other
/content/test_dataset/1165.jpg,other
/content/test_dataset/1219.jpg,bright dune
/content/test_dataset/681.jpg,crater
/content/test_dataset/156.jpg,swiss cheese
/content/test_dataset/1561.jpg,other
/content/test_dataset/1813.jpg,bright dune
/content/test_dataset/399.jpg,other
/content/test_dataset/1454.jpg,other
/content/test_dataset/540.jpg,other
/content/test_dataset/664.jpg,crater
/content/test_dataset/963.jpg,crater
/content/test_dataset/1330.jpg,crater
/content/test_dataset/1703.jpg,other
/content/test_dataset/1675.jpg,other
/content/test_dataset/447.jpg,dark dune
/content/test_dataset/434.jpg,other
/content/test_dataset/1852.jpg,other
/content/test_dataset/576.jpg,other
/content/test_dataset/77.jpg,other
/content/test_dataset/1769.jpg,other
/content/test_dataset/502.jpg,swiss cheese
/content/test_dataset/439.jpg,other
/content/test_dataset/451.jpg,crater
/content/test_dataset/544.jpg,swiss cheese
/content/test_dataset/719.jpg,slope streak
/content/test_dataset/1370.jpg,other
/content/test_dataset/430.jpg,slope streak
/content/test_dataset/18.jpg,bright dune
/content/test_dataset/329.jpg,crater
/content/test_dataset/986.jpg,slope streak
/content/test_dataset/288.jpg,other
/content/test_dataset/1077.jpg,swiss cheese
/content/test_dataset/249.jpg,other
/content/test_dataset/1595.jpg,slope streak
/content/test_dataset/521.jpg,bright dune
/content/test_dataset/1594.jpg,bright dune
/content/test_dataset/368.jpg,other
/content/test_dataset/1592.jpg,other
/content/test_dataset/264.jpg,other
/content/test_dataset/1159.jpg,other
/content/test_dataset/1436.jpg,crater
/content/test_dataset/1836.jpg,other
/content/test_dataset/747.jpg,other
/content/test_dataset/852.jpg,bright dune
/content/test_dataset/701.jpg,bright dune
/content/test_dataset/1216.jpg,slope streak
/content/test_dataset/895.jpg,other
/content/test_dataset/418.jpg,crater
/content/test_dataset/1941.jpg,swiss cheese
/content/test_dataset/807.jpg,other
/content/test_dataset/1152.jpg,other
/content/test_dataset/919.jpg,crater
/content/test_dataset/395.jpg,other
/content/test_dataset/1318.jpg,other
/content/test_dataset/1192.jpg,other
/content/test_dataset/1264.jpg,other
/content/test_dataset/258.jpg,bright dune
/content/test_dataset/218.jpg,other
/content/test_dataset/1087.jpg,other
/content/test_dataset/1398.jpg,crater
/content/test_dataset/185.jpg,other
/content/test_dataset/1298.jpg,crater
/content/test_dataset/729.jpg,other
/content/test_dataset/1855.jpg,other
/content/test_dataset/1646.jpg,other
/content/test_dataset/1699.jpg,crater
/content/test_dataset/1110.jpg,other
/content/test_dataset/1203.jpg,bright dune
/content/test_dataset/378.jpg,other
/content/test_dataset/1648.jpg,other
/content/test_dataset/779.jpg,other
/content/test_dataset/1278.jpg,other
/content/test_dataset/1342.jpg,other
/content/test_dataset/1147.jpg,bright dune
/content/test_dataset/41.jpg,other
/content/test_dataset/1585.jpg,other
/content/test_dataset/291.jpg,other
/content/test_dataset/1307.jpg,other
/content/test_dataset/661.jpg,crater
/content/test_dataset/548.jpg,swiss cheese
/content/test_dataset/1655.jpg,other
/content/test_dataset/1469.jpg,other
/content/test_dataset/546.jpg,other
/content/test_dataset/1756.jpg,other
/content/test_dataset/1359.jpg,other
/content/test_dataset/1310.jpg,other
/content/test_dataset/1740.jpg,other
/content/test_dataset/1011.jpg,other
/content/test_dataset/38.jpg,other
/content/test_dataset/1416.jpg,other
/content/test_dataset/1786.jpg,other
/content/test_dataset/1331.jpg,other
/content/test_dataset/1083.jpg,other
/content/test_dataset/627.jpg,other
/content/test_dataset/492.jpg,bright dune
/content/test_dataset/678.jpg,other
/content/test_dataset/1946.jpg,other
/content/test_dataset/1253.jpg,other
/content/test_dataset/227.jpg,other
/content/test_dataset/1912.jpg,bright dune
/content/test_dataset/129.jpg,other
/content/test_dataset/1397.jpg,other
/content/test_dataset/1270.jpg,crater
/content/test_dataset/261.jpg,other
/content/test_dataset/565.jpg,other
/content/test_dataset/1490.jpg,other
/content/test_dataset/1637.jpg,other
/content/test_dataset/613.jpg,other
/content/test_dataset/1874.jpg,other
/content/test_dataset/1998.jpg,other
/content/test_dataset/1164.jpg,other
/content/test_dataset/1649.jpg,slope streak
/content/test_dataset/358.jpg,crater
/content/test_dataset/1322.jpg,other
/content/test_dataset/361.jpg,slope streak
/content/test_dataset/585.jpg,crater
/content/test_dataset/233.jpg,crater
/content/test_dataset/1227.jpg,crater
/content/test_dataset/189.jpg,swiss cheese
/content/test_dataset/1155.jpg,other
/content/test_dataset/581.jpg,other
/content/test_dataset/676.jpg,other
/content/test_dataset/1161.jpg,other
/content/test_dataset/1496.jpg,crater
/content/test_dataset/115.jpg,bright dune
/content/test_dataset/1814.jpg,crater
/content/test_dataset/634.jpg,crater
/content/test_dataset/509.jpg,other
/content/test_dataset/917.jpg,slope streak
/content/test_dataset/87.jpg,other
/content/test_dataset/1529.jpg,other
/content/test_dataset/879.jpg,other
/content/test_dataset/1082.jpg,other
/content/test_dataset/1471.jpg,bright dune
/content/test_dataset/274.jpg,other
/content/test_dataset/754.jpg,other
/content/test_dataset/1056.jpg,other
/content/test_dataset/104.jpg,other
/content/test_dataset/1907.jpg,other
/content/test_dataset/481.jpg,other
/content/test_dataset/577.jpg,other
/content/test_dataset/1743.jpg,other
/content/test_dataset/277.jpg,other
/content/test_dataset/610.jpg,other
/content/test_dataset/743.jpg,crater
/content/test_dataset/231.jpg,other
/content/test_dataset/1892.jpg,other
/content/test_dataset/594.jpg,other
/content/test_dataset/1706.jpg,other
/content/test_dataset/254.jpg,other
/content/test_dataset/244.jpg,slope streak
/content/test_dataset/172.jpg,bright dune
/content/test_dataset/1754.jpg,other
/content/test_dataset/950.jpg,other
/content/test_dataset/1230.jpg,other
/content/test_dataset/141.jpg,swiss cheese
/content/test_dataset/1041.jpg,crater
/content/test_dataset/1185.jpg,bright dune
/content/test_dataset/1861.jpg,crater
/content/test_dataset/644.jpg,other
/content/test_dataset/1919.jpg,other
/content/test_dataset/1569.jpg,other
/content/test_dataset/1003.jpg,other
/content/test_dataset/556.jpg,other
/content/test_dataset/390.jpg,slope streak
/content/test_dataset/1544.jpg,other
/content/test_dataset/1911.jpg,other
/content/test_dataset/927.jpg,other
/content/test_dataset/1581.jpg,other
/content/test_dataset/1030.jpg,bright dune
/content/test_dataset/412.jpg,bright dune
/content/test_dataset/1378.jpg,other
/content/test_dataset/1068.jpg,other
/content/test_dataset/896.jpg,bright dune
/content/test_dataset/174.jpg,bright dune
/content/test_dataset/420.jpg,crater
/content/test_dataset/383.jpg,bright dune
/content/test_dataset/1324.jpg,other
/content/test_dataset/994.jpg,other
/content/test_dataset/1604.jpg,other
/content/test_dataset/1261.jpg,other
/content/test_dataset/674.jpg,crater
/content/test_dataset/1783.jpg,crater
/content/test_dataset/1435.jpg,other
/content/test_dataset/425.jpg,other
/content/test_dataset/713.jpg,crater
/content/test_dataset/328.jpg,other
/content/test_dataset/2.jpg,other
/content/test_dataset/446.jpg,slope streak
/content/test_dataset/526.jpg,bright dune
/content/test_dataset/536.jpg,other
/content/test_dataset/1303.jpg,swiss cheese
/content/test_dataset/155.jpg,other
/content/test_dataset/872.jpg,swiss cheese
/content/test_dataset/117.jpg,crater
/content/test_dataset/1555.jpg,dark dune
/content/test_dataset/1350.jpg,other
/content/test_dataset/1186.jpg,other
/content/test_dataset/1857.jpg,slope streak
/content/test_dataset/1642.jpg,dark dune
/content/test_dataset/1038.jpg,other
/content/test_dataset/519.jpg,other
/content/test_dataset/1.jpg,slope streak
/content/test_dataset/12.jpg,crater
/content/test_dataset/554.jpg,other
/content/test_dataset/688.jpg,other
/content/test_dataset/1664.jpg,other
/content/test_dataset/151.jpg,slope streak
/content/test_dataset/1795.jpg,dark dune
/content/test_dataset/987.jpg,other
/content/test_dataset/1485.jpg,other
/content/test_dataset/1020.jpg,other
/content/test_dataset/835.jpg,other
/content/test_dataset/1997.jpg,other
/content/test_dataset/1135.jpg,crater
/content/test_dataset/894.jpg,bright dune
/content/test_dataset/972.jpg,other
/content/test_dataset/1229.jpg,other
/content/test_dataset/767.jpg,other
/content/test_dataset/97.jpg,other
/content/test_dataset/1572.jpg,other
/content/test_dataset/267.jpg,bright dune
/content/test_dataset/844.jpg,other
/content/test_dataset/913.jpg,other
/content/test_dataset/1686.jpg,other
/content/test_dataset/1263.jpg,other
/content/test_dataset/1947.jpg,other
/content/test_dataset/1789.jpg,crater
/content/test_dataset/793.jpg,bright dune
/content/test_dataset/1049.jpg,crater
/content/test_dataset/1364.jpg,other
/content/test_dataset/653.jpg,other
/content/test_dataset/736.jpg,swiss cheese
/content/test_dataset/1387.jpg,other
/content/test_dataset/1672.jpg,other
/content/test_dataset/568.jpg,crater
/content/test_dataset/473.jpg,bright dune
/content/test_dataset/648.jpg,crater
/content/test_dataset/1757.jpg,crater
/content/test_dataset/276.jpg,other
/content/test_dataset/1884.jpg,bright dune
/content/test_dataset/1099.jpg,other
/content/test_dataset/1413.jpg,slope streak
/content/test_dataset/786.jpg,slope streak
/content/test_dataset/953.jpg,crater
/content/test_dataset/8.jpg,other
/content/test_dataset/1445.jpg,other
/content/test_dataset/1262.jpg,crater
/content/test_dataset/952.jpg,other
/content/test_dataset/1576.jpg,bright dune
/content/test_dataset/632.jpg,other
/content/test_dataset/1652.jpg,other
/content/test_dataset/320.jpg,bright dune
/content/test_dataset/1750.jpg,slope streak
/content/test_dataset/697.jpg,other
/content/test_dataset/552.jpg,crater
/content/test_dataset/1363.jpg,bright dune
/content/test_dataset/1553.jpg,crater
/content/test_dataset/796.jpg,other
/content/test_dataset/19.jpg,other
/content/test_dataset/1432.jpg,other
/content/test_dataset/234.jpg,slope streak
/content/test_dataset/34.jpg,other
/content/test_dataset/485.jpg,other
/content/test_dataset/1816.jpg,crater
/content/test_dataset/61.jpg,crater
/content/test_dataset/143.jpg,other
/content/test_dataset/1443.jpg,crater
/content/test_dataset/1017.jpg,other
/content/test_dataset/74.jpg,other
/content/test_dataset/1130.jpg,other
/content/test_dataset/1385.jpg,other
/content/test_dataset/530.jpg,crater
/content/test_dataset/369.jpg,other
/content/test_dataset/1758.jpg,other
/content/test_dataset/1721.jpg,bright dune
/content/test_dataset/132.jpg,other
/content/test_dataset/596.jpg,bright dune
/content/test_dataset/1965.jpg,other
/content/test_dataset/630.jpg,other
/content/test_dataset/179.jpg,other
/content/test_dataset/1190.jpg,other
/content/test_dataset/617.jpg,other
/content/test_dataset/1283.jpg,crater
/content/test_dataset/637.jpg,other
/content/test_dataset/772.jpg,bright dune
/content/test_dataset/1084.jpg,other
/content/test_dataset/125.jpg,other
/content/test_dataset/1515.jpg,other
/content/test_dataset/402.jpg,bright dune
/content/test_dataset/1540.jpg,other
/content/test_dataset/196.jpg,other
/content/test_dataset/1501.jpg,other
/content/test_dataset/993.jpg,other
/content/test_dataset/777.jpg,other
/content/test_dataset/1661.jpg,bright dune
/content/test_dataset/621.jpg,crater
/content/test_dataset/1635.jpg,other
/content/test_dataset/1900.jpg,other
/content/test_dataset/1116.jpg,other
/content/test_dataset/311.jpg,swiss cheese
/content/test_dataset/1937.jpg,other
/content/test_dataset/1463.jpg,other
/content/test_dataset/971.jpg,other
/content/test_dataset/480.jpg,other
/content/test_dataset/1727.jpg,other
/content/test_dataset/281.jpg,dark dune
/content/test_dataset/1670.jpg,crater
/content/test_dataset/1479.jpg,other
/content/test_dataset/847.jpg,other
/content/test_dataset/1860.jpg,other
/content/test_dataset/279.jpg,other
/content/test_dataset/600.jpg,slope streak
/content/test_dataset/608.jpg,other
/content/test_dataset/1914.jpg,slope streak
/content/test_dataset/623.jpg,crater
/content/test_dataset/728.jpg,other
/content/test_dataset/116.jpg,crater
/content/test_dataset/168.jpg,other
/content/test_dataset/349.jpg,bright dune
/content/test_dataset/1692.jpg,other
/content/test_dataset/643.jpg,other
/content/test_dataset/236.jpg,crater
/content/test_dataset/1651.jpg,other
/content/test_dataset/534.jpg,crater
/content/test_dataset/1687.jpg,other
/content/test_dataset/1470.jpg,slope streak
/content/test_dataset/1280.jpg,bright dune
/content/test_dataset/580.jpg,other
/content/test_dataset/1913.jpg,other
/content/test_dataset/1520.jpg,other
/content/test_dataset/205.jpg,other
/content/test_dataset/739.jpg,other
/content/test_dataset/783.jpg,other
/content/test_dataset/1689.jpg,other
/content/test_dataset/1518.jpg,crater
/content/test_dataset/109.jpg,other
/content/test_dataset/877.jpg,other
/content/test_dataset/1060.jpg,other
/content/test_dataset/322.jpg,other
/content/test_dataset/723.jpg,bright dune
/content/test_dataset/645.jpg,other
/content/test_dataset/1877.jpg,other
/content/test_dataset/1590.jpg,other
/content/test_dataset/457.jpg,swiss cheese
/content/test_dataset/1366.jpg,other
/content/test_dataset/1848.jpg,slope streak
/content/test_dataset/604.jpg,crater
/content/test_dataset/133.jpg,crater
/content/test_dataset/130.jpg,slope streak
/content/test_dataset/1606.jpg,other
/content/test_dataset/26.jpg,crater
/content/test_dataset/1285.jpg,other
/content/test_dataset/702.jpg,crater
/content/test_dataset/843.jpg,other
/content/test_dataset/1466.jpg,other
/content/test_dataset/1800.jpg,other
/content/test_dataset/1258.jpg,bright dune
/content/test_dataset/1822.jpg,other
/content/test_dataset/1246.jpg,crater
/content/test_dataset/1369.jpg,crater
/content/test_dataset/1666.jpg,other
/content/test_dataset/80.jpg,other
/content/test_dataset/1023.jpg,other
/content/test_dataset/353.jpg,crater
/content/test_dataset/1418.jpg,other
/content/test_dataset/1198.jpg,slope streak
/content/test_dataset/1032.jpg,other
/content/test_dataset/1383.jpg,other
/content/test_dataset/734.jpg,other
/content/test_dataset/22.jpg,crater
/content/test_dataset/1832.jpg,other
/content/test_dataset/1823.jpg,swiss cheese
/content/test_dataset/1200.jpg,other
/content/test_dataset/1534.jpg,slope streak
/content/test_dataset/298.jpg,bright dune
/content/test_dataset/1735.jpg,other
/content/test_dataset/590.jpg,other
/content/test_dataset/44.jpg,other
/content/test_dataset/1274.jpg,crater
/content/test_dataset/1596.jpg,crater
/content/test_dataset/1959.jpg,other
/content/test_dataset/1804.jpg,other
/content/test_dataset/119.jpg,other
/content/test_dataset/573.jpg,other
/content/test_dataset/1801.jpg,crater
/content/test_dataset/1168.jpg,other
/content/test_dataset/235.jpg,crater
/content/test_dataset/308.jpg,other
/content/test_dataset/1978.jpg,other
/content/test_dataset/1918.jpg,slope streak
/content/test_dataset/1988.jpg,other
/content/test_dataset/1512.jpg,dark dune
/content/test_dataset/396.jpg,other
/content/test_dataset/391.jpg,other
/content/test_dataset/1499.jpg,bright dune
/content/test_dataset/824.jpg,bright dune
/content/test_dataset/1558.jpg,crater
/content/test_dataset/837.jpg,other
/content/test_dataset/1358.jpg,other
/content/test_dataset/961.jpg,other
/content/test_dataset/954.jpg,other
/content/test_dataset/933.jpg,other
/content/test_dataset/1179.jpg,other
/content/test_dataset/379.jpg,crater
/content/test_dataset/1708.jpg,slope streak
/content/test_dataset/756.jpg,other
/content/test_dataset/523.jpg,bright dune
/content/test_dataset/1093.jpg,other
/content/test_dataset/1871.jpg,other
/content/test_dataset/1137.jpg,other
/content/test_dataset/1256.jpg,other
/content/test_dataset/194.jpg,crater
/content/test_dataset/1039.jpg,other
/content/test_dataset/1238.jpg,other
/content/test_dataset/780.jpg,crater
/content/test_dataset/1344.jpg,bright dune
/content/test_dataset/651.jpg,other
/content/test_dataset/1910.jpg,other
/content/test_dataset/60.jpg,bright dune
/content/test_dataset/854.jpg,bright dune
/content/test_dataset/1064.jpg,crater
/content/test_dataset/1776.jpg,other
/content/test_dataset/883.jpg,other
/content/test_dataset/1058.jpg,other
/content/test_dataset/1120.jpg,other
/content/test_dataset/1094.jpg,other
/content/test_dataset/760.jpg,swiss cheese
/content/test_dataset/300.jpg,other
/content/test_dataset/421.jpg,other
/content/test_dataset/1817.jpg,other
/content/test_dataset/1129.jpg,other
/content/test_dataset/159.jpg,other
/content/test_dataset/1139.jpg,crater
/content/test_dataset/1788.jpg,bright dune
/content/test_dataset/1037.jpg,other
/content/test_dataset/671.jpg,crater
/content/test_dataset/1226.jpg,other
/content/test_dataset/334.jpg,slope streak
/content/test_dataset/163.jpg,other
/content/test_dataset/51.jpg,bright dune
/content/test_dataset/1446.jpg,other
/content/test_dataset/120.jpg,other
/content/test_dataset/1780.jpg,other
/content/test_dataset/787.jpg,other
/content/test_dataset/1072.jpg,crater
/content/test_dataset/1716.jpg,other
/content/test_dataset/1365.jpg,other
/content/test_dataset/1046.jpg,swiss cheese
/content/test_dataset/909.jpg,other
/content/test_dataset/1338.jpg,bright dune
/content/test_dataset/247.jpg,other
/content/test_dataset/1276.jpg,swiss cheese
/content/test_dataset/761.jpg,other
/content/test_dataset/191.jpg,other
/content/test_dataset/56.jpg,other
/content/test_dataset/299.jpg,other
/content/test_dataset/1456.jpg,other
/content/test_dataset/1427.jpg,crater
/content/test_dataset/71.jpg,other
/content/test_dataset/836.jpg,bright dune
/content/test_dataset/1295.jpg,other
/content/test_dataset/1478.jpg,other
/content/test_dataset/525.jpg,crater
/content/test_dataset/907.jpg,other
/content/test_dataset/15.jpg,bright dune
/content/test_dataset/1678.jpg,other
/content/test_dataset/1815.jpg,other
/content/test_dataset/1477.jpg,other
/content/test_dataset/665.jpg,slope streak
/content/test_dataset/735.jpg,crater
/content/test_dataset/461.jpg,slope streak
/content/test_dataset/611.jpg,other
/content/test_dataset/1579.jpg,swiss cheese
/content/test_dataset/505.jpg,slope streak
/content/test_dataset/893.jpg,other
/content/test_dataset/1000.jpg,dark dune
/content/test_dataset/768.jpg,other
/content/test_dataset/1355.jpg,other
/content/test_dataset/376.jpg,other
/content/test_dataset/58.jpg,other
/content/test_dataset/1128.jpg,crater
/content/test_dataset/1976.jpg,other
/content/test_dataset/1728.jpg,other
/content/test_dataset/1659.jpg,other
/content/test_dataset/1550.jpg,other
/content/test_dataset/508.jpg,crater
/content/test_dataset/1428.jpg,crater
/content/test_dataset/1149.jpg,other
/content/test_dataset/293.jpg,other
/content/test_dataset/1259.jpg,other
/content/test_dataset/1549.jpg,swiss cheese
/content/test_dataset/1090.jpg,other
/content/test_dataset/1205.jpg,other
/content/test_dataset/1101.jpg,other
/content/test_dataset/1894.jpg,bright dune
/content/test_dataset/989.jpg,other
/content/test_dataset/912.jpg,other
/content/test_dataset/889.jpg,slope streak
/content/test_dataset/271.jpg,crater
/content/test_dataset/1388.jpg,crater
/content/test_dataset/229.jpg,other
/content/test_dataset/211.jpg,other
/content/test_dataset/1408.jpg,other
/content/test_dataset/1029.jpg,bright dune
/content/test_dataset/230.jpg,other
/content/test_dataset/1034.jpg,other
/content/test_dataset/799.jpg,other
/content/test_dataset/1774.jpg,other
/content/test_dataset/571.jpg,crater
/content/test_dataset/1991.jpg,crater
/content/test_dataset/1845.jpg,bright dune
/content/test_dataset/128.jpg,other
/content/test_dataset/624.jpg,other
/content/test_dataset/693.jpg,other
/content/test_dataset/16.jpg,other
/content/test_dataset/884.jpg,other
/content/test_dataset/464.jpg,crater
/content/test_dataset/36.jpg,bright dune
/content/test_dataset/935.jpg,other
/content/test_dataset/1809.jpg,other
/content/test_dataset/1431.jpg,other
/content/test_dataset/1290.jpg,other
/content/test_dataset/188.jpg,crater
/content/test_dataset/1042.jpg,other
/content/test_dataset/1872.jpg,bright dune
/content/test_dataset/1292.jpg,other
/content/test_dataset/1583.jpg,other
/content/test_dataset/323.jpg,other
/content/test_dataset/302.jpg,slope streak
/content/test_dataset/1933.jpg,other
/content/test_dataset/1183.jpg,other
/content/test_dataset/818.jpg,other
/content/test_dataset/411.jpg,other
/content/test_dataset/1494.jpg,other
/content/test_dataset/673.jpg,crater
/content/test_dataset/890.jpg,other
/content/test_dataset/1143.jpg,crater
/content/test_dataset/195.jpg,slope streak
/content/test_dataset/1473.jpg,bright dune
/content/test_dataset/683.jpg,swiss cheese
/content/test_dataset/620.jpg,dark dune
/content/test_dataset/1516.jpg,other
/content/test_dataset/1209.jpg,other
/content/test_dataset/422.jpg,other
/content/test_dataset/252.jpg,other
/content/test_dataset/423.jpg,other
/content/test_dataset/357.jpg,bright dune
/content/test_dataset/1979.jpg,other
/content/test_dataset/118.jpg,crater
/content/test_dataset/1636.jpg,swiss cheese
/content/test_dataset/1712.jpg,swiss cheese
/content/test_dataset/53.jpg,other
/content/test_dataset/1527.jpg,other
/content/test_dataset/296.jpg,other
/content/test_dataset/1846.jpg,crater
/content/test_dataset/1098.jpg,other
/content/test_dataset/493.jpg,other
/content/test_dataset/1904.jpg,other
/content/test_dataset/1829.jpg,slope streak
/content/test_dataset/385.jpg,slope streak
/content/test_dataset/1847.jpg,other
/content/test_dataset/1886.jpg,other
/content/test_dataset/1517.jpg,other
/content/test_dataset/1975.jpg,other
/content/test_dataset/1033.jpg,slope streak
/content/test_dataset/802.jpg,other
/content/test_dataset/1828.jpg,other
/content/test_dataset/1654.jpg,bright dune
/content/test_dataset/1525.jpg,other
/content/test_dataset/766.jpg,slope streak
/content/test_dataset/1392.jpg,other
/content/test_dataset/332.jpg,other
/content/test_dataset/1987.jpg,crater
/content/test_dataset/95.jpg,other
/content/test_dataset/542.jpg,other
/content/test_dataset/47.jpg,swiss cheese
/content/test_dataset/1938.jpg,crater
/content/test_dataset/1510.jpg,other
/content/test_dataset/855.jpg,slope streak
/content/test_dataset/1926.jpg,crater
/content/test_dataset/1773.jpg,other
/content/test_dataset/572.jpg,bright dune
/content/test_dataset/108.jpg,other
/content/test_dataset/1996.jpg,other
/content/test_dataset/1405.jpg,crater
/content/test_dataset/1174.jpg,other
/content/test_dataset/902.jpg,other
/content/test_dataset/121.jpg,other
/content/test_dataset/1519.jpg,crater
/content/test_dataset/1107.jpg,other
/content/test_dataset/1722.jpg,other
/content/test_dataset/1909.jpg,other
/content/test_dataset/1760.jpg,crater
/content/test_dataset/848.jpg,swiss cheese
/content/test_dataset/635.jpg,other
/content/test_dataset/1271.jpg,other
/content/test_dataset/1414.jpg,other
/content/test_dataset/1294.jpg,other
/content/test_dataset/742.jpg,other
/content/test_dataset/397.jpg,bright dune
/content/test_dataset/1095.jpg,other
/content/test_dataset/1419.jpg,other
/content/test_dataset/1265.jpg,other
/content/test_dataset/283.jpg,other
/content/test_dataset/367.jpg,other
/content/test_dataset/436.jpg,other
/content/test_dataset/711.jpg,other
/content/test_dataset/355.jpg,other
/content/test_dataset/1141.jpg,bright dune
/content/test_dataset/1480.jpg,crater
/content/test_dataset/1623.jpg,crater
/content/test_dataset/967.jpg,other
/content/test_dataset/405.jpg,other
/content/test_dataset/1462.jpg,other
/content/test_dataset/1025.jpg,other
/content/test_dataset/1059.jpg,bright dune
/content/test_dataset/1493.jpg,other
/content/test_dataset/476.jpg,other
/content/test_dataset/1939.jpg,other
/content/test_dataset/1819.jpg,other
/content/test_dataset/284.jpg,bright dune
/content/test_dataset/441.jpg,other
/content/test_dataset/1702.jpg,bright dune
/content/test_dataset/450.jpg,other
/content/test_dataset/1377.jpg,other
/content/test_dataset/979.jpg,other
/content/test_dataset/210.jpg,slope streak
/content/test_dataset/649.jpg,crater
/content/test_dataset/823.jpg,crater
/content/test_dataset/1092.jpg,other
/content/test_dataset/1922.jpg,other
/content/test_dataset/187.jpg,crater
/content/test_dataset/944.jpg,crater
/content/test_dataset/388.jpg,other
/content/test_dataset/943.jpg,other
/content/test_dataset/221.jpg,other
/content/test_dataset/1698.jpg,other
/content/test_dataset/1449.jpg,other
/content/test_dataset/1601.jpg,other
/content/test_dataset/791.jpg,dark dune
/content/test_dataset/285.jpg,other
/content/test_dataset/795.jpg,crater
/content/test_dataset/1880.jpg,other
/content/test_dataset/595.jpg,dark dune
/content/test_dataset/956.jpg,other
/content/test_dataset/1660.jpg,other
/content/test_dataset/7.jpg,bright dune
/content/test_dataset/1547.jpg,other
/content/test_dataset/1891.jpg,other
/content/test_dataset/1218.jpg,other
/content/test_dataset/716.jpg,other
/content/test_dataset/819.jpg,swiss cheese
/content/test_dataset/726.jpg,other
/content/test_dataset/181.jpg,other
/content/test_dataset/1275.jpg,other
/content/test_dataset/153.jpg,other
/content/test_dataset/204.jpg,crater
