Filename,PredictedLabel
529.jpg,other
25.jpg,other
496.jpg,other
88.jpg,other
479.jpg,bright dune
448.jpg,other
1732.jpg,other
1189.jpg,bright dune
1233.jpg,dark dune
916.jpg,other
861.jpg,other
371.jpg,bright dune
903.jpg,other
59.jpg,bright dune
453.jpg,other
1628.jpg,crater
1242.jpg,other
1008.jpg,other
805.jpg,other
1228.jpg,other
263.jpg,slope streak
1061.jpg,other
749.jpg,other
408.jpg,other
1821.jpg,bright dune
182.jpg,bright dune
1545.jpg,other
1618.jpg,other
1763.jpg,other
1634.jpg,slope streak
324.jpg,bright dune
806.jpg,other
260.jpg,other
54.jpg,other
1961.jpg,other
606.jpg,other
932.jpg,other
1662.jpg,other
1304.jpg,dark dune
541.jpg,other
1373.jpg,other
924.jpg,other
1967.jpg,dark dune
200.jpg,other
1700.jpg,dark dune
1309.jpg,other
1460.jpg,other
532.jpg,other
90.jpg,other
1134.jpg,other
1395.jpg,other
1671.jpg,other
631.jpg,dark dune
960.jpg,other
359.jpg,other
718.jpg,other
166.jpg,other
86.jpg,other
774.jpg,bright dune
1340.jpg,other
337.jpg,other
1999.jpg,dark dune
937.jpg,dark dune
589.jpg,other
315.jpg,other
1679.jpg,dark dune
839.jpg,slope streak
1778.jpg,other
1973.jpg,other
790.jpg,dark dune
969.jpg,other
55.jpg,slope streak
865.jpg,other
602.jpg,other
856.jpg,other
103.jpg,other
1898.jpg,other
1945.jpg,bright dune
1300.jpg,other
814.jpg,bright dune
1035.jpg,other
708.jpg,other
1591.jpg,other
1314.jpg,other
67.jpg,other
775.jpg,other
962.jpg,other
1725.jpg,slope streak
1835.jpg,dark dune
1045.jpg,bright dune
477.jpg,other
997.jpg,other
1004.jpg,other
858.jpg,other
1974.jpg,other
1570.jpg,other
1842.jpg,other
1362.jpg,other
692.jpg,other
659.jpg,other
1696.jpg,other
1724.jpg,other
1009.jpg,other
294.jpg,other
695.jpg,other
1562.jpg,other
414.jpg,other
498.jpg,other
1940.jpg,other
1224.jpg,other
798.jpg,other
1407.jpg,bright dune
1339.jpg,slope streak
310.jpg,other
1024.jpg,other
583.jpg,dark dune
1775.jpg,other
1568.jpg,other
1441.jpg,other
503.jpg,other
1234.jpg,other
1468.jpg,other
238.jpg,other
698.jpg,other
781.jpg,other
833.jpg,other
325.jpg,other
170.jpg,other
549.jpg,slope streak
1026.jpg,other
309.jpg,other
957.jpg,other
1759.jpg,other
134.jpg,other
1530.jpg,other
992.jpg,other
636.jpg,other
629.jpg,other
926.jpg,other
75.jpg,other
995.jpg,other
1150.jpg,other
122.jpg,other
537.jpg,other
1820.jpg,other
1193.jpg,other
672.jpg,slope streak
1142.jpg,other
1433.jpg,other
48.jpg,other
1854.jpg,other
248.jpg,other
619.jpg,other
173.jpg,other
1162.jpg,other
1400.jpg,other
1885.jpg,other
1932.jpg,other
1538.jpg,other
901.jpg,other
305.jpg,other
46.jpg,slope streak
709.jpg,other
1254.jpg,slope streak
1235.jpg,other
1908.jpg,other
773.jpg,other
1409.jpg,other
1401.jpg,other
825.jpg,other
1920.jpg,other
326.jpg,other
1535.jpg,other
999.jpg,other
145.jpg,other
1223.jpg,other
1917.jpg,slope streak
1916.jpg,other
1882.jpg,other
382.jpg,dark dune
1599.jpg,dark dune
1748.jpg,other
400.jpg,other
69.jpg,slope streak
1123.jpg,other
876.jpg,other
966.jpg,slope streak
1995.jpg,dark dune
940.jpg,other
1793.jpg,other
350.jpg,other
37.jpg,other
1521.jpg,other
1777.jpg,other
1876.jpg,other
1556.jpg,slope streak
1705.jpg,crater
1113.jpg,other
684.jpg,dark dune
587.jpg,other
1638.jpg,other
1482.jpg,other
28.jpg,other
1044.jpg,other
1202.jpg,other
639.jpg,other
152.jpg,other
1962.jpg,other
356.jpg,other
1022.jpg,bright dune
663.jpg,other
900.jpg,dark dune
454.jpg,other
1382.jpg,other
241.jpg,other
929.jpg,dark dune
303.jpg,other
1289.jpg,other
245.jpg,other
256.jpg,other
1154.jpg,other
797.jpg,other
828.jpg,other
1923.jpg,other
616.jpg,other
699.jpg,other
1075.jpg,other
1247.jpg,other
107.jpg,slope streak
1306.jpg,other
923.jpg,other
1531.jpg,slope streak
691.jpg,dark dune
964.jpg,slope streak
885.jpg,slope streak
1096.jpg,other
1948.jpg,dark dune
417.jpg,other
1170.jpg,other
1968.jpg,other
1102.jpg,dark dune
662.jpg,other
49.jpg,other
146.jpg,other
94.jpg,other
424.jpg,other
1739.jpg,other
1524.jpg,other
826.jpg,other
438.jpg,other
886.jpg,other
1953.jpg,other
652.jpg,other
413.jpg,slope streak
31.jpg,other
1311.jpg,other
918.jpg,other
1236.jpg,crater
295.jpg,other
1951.jpg,other
1924.jpg,bright dune
1018.jpg,slope streak
1983.jpg,other
1425.jpg,other
1888.jpg,other
1503.jpg,other
1396.jpg,other
626.jpg,other
1251.jpg,bright dune
20.jpg,other
445.jpg,other
1176.jpg,other
1450.jpg,other
759.jpg,bright dune
863.jpg,other
928.jpg,bright dune
905.jpg,other
1737.jpg,other
1849.jpg,other
440.jpg,slope streak
1681.jpg,other
646.jpg,other
574.jpg,other
1548.jpg,other
431.jpg,other
167.jpg,bright dune
57.jpg,dark dune
1440.jpg,dark dune
1986.jpg,other
1114.jpg,other
1158.jpg,other
1489.jpg,other
1345.jpg,other
864.jpg,other
968.jpg,other
165.jpg,other
939.jpg,other
1386.jpg,other
1586.jpg,other
164.jpg,other
689.jpg,other
1053.jpg,other
341.jpg,other
1566.jpg,other
868.jpg,other
1588.jpg,other
1006.jpg,dark dune
1856.jpg,other
1640.jpg,other
1475.jpg,other
9.jpg,other
1542.jpg,other
455.jpg,other
1187.jpg,dark dune
809.jpg,other
803.jpg,other
898.jpg,other
808.jpg,other
690.jpg,other
1323.jpg,slope streak
488.jpg,bright dune
586.jpg,other
336.jpg,dark dune
467.jpg,slope streak
813.jpg,other
65.jpg,slope streak
468.jpg,slope streak
951.jpg,other
1552.jpg,dark dune
575.jpg,other
1589.jpg,other
812.jpg,other
1766.jpg,other
192.jpg,other
1208.jpg,dark dune
1097.jpg,other
1663.jpg,other
1178.jpg,other
1887.jpg,other
1375.jpg,other
778.jpg,other
64.jpg,other
669.jpg,other
618.jpg,bright dune
1140.jpg,slope streak
149.jpg,other
161.jpg,dark dune
1267.jpg,other
239.jpg,other
124.jpg,other
687.jpg,other
362.jpg,other
715.jpg,dark dune
550.jpg,other
1081.jpg,other
921.jpg,other
375.jpg,other
30.jpg,slope streak
366.jpg,other
176.jpg,other
23.jpg,other
240.jpg,dark dune
1352.jpg,other
452.jpg,other
1002.jpg,dark dune
486.jpg,other
721.jpg,slope streak
1511.jpg,other
785.jpg,other
482.jpg,bright dune
1221.jpg,other
1050.jpg,other
578.jpg,other
1091.jpg,other
282.jpg,other
516.jpg,other
1062.jpg,other
949.jpg,other
131.jpg,bright dune
62.jpg,other
1605.jpg,other
32.jpg,other
850.jpg,bright dune
641.jpg,other
1598.jpg,other
1697.jpg,bright dune
72.jpg,other
262.jpg,other
1357.jpg,other
1554.jpg,other
1287.jpg,other
654.jpg,dark dune
520.jpg,other
1768.jpg,other
553.jpg,other
748.jpg,other
1109.jpg,other
1626.jpg,other
1695.jpg,other
1683.jpg,other
988.jpg,dark dune
404.jpg,other
1351.jpg,other
1074.jpg,dark dune
1453.jpg,other
1297.jpg,other
1964.jpg,other
316.jpg,other
1112.jpg,other
1180.jpg,other
1873.jpg,other
489.jpg,other
1281.jpg,slope streak
1089.jpg,other
321.jpg,bright dune
1326.jpg,dark dune
1536.jpg,bright dune
1897.jpg,other
1334.jpg,bright dune
70.jpg,other
374.jpg,dark dune
483.jpg,other
1346.jpg,other
1220.jpg,other
214.jpg,other
1206.jpg,bright dune
741.jpg,other
444.jpg,other
647.jpg,slope streak
1668.jpg,other
1487.jpg,dark dune
567.jpg,other
1144.jpg,other
745.jpg,dark dune
1537.jpg,slope streak
1374.jpg,bright dune
401.jpg,slope streak
201.jpg,other
1952.jpg,crater
1167.jpg,other
959.jpg,dark dune
564.jpg,other
1013.jpg,dark dune
1717.jpg,other
570.jpg,other
1426.jpg,other
1764.jpg,dark dune
265.jpg,other
1627.jpg,slope streak
1928.jpg,other
551.jpg,other
228.jpg,other
771.jpg,other
330.jpg,other
1653.jpg,other
840.jpg,other
475.jpg,other
76.jpg,other
607.jpg,other
1279.jpg,other
1546.jpg,other
222.jpg,other
215.jpg,other
710.jpg,other
1354.jpg,other
212.jpg,other
875.jpg,bright dune
1442.jpg,other
217.jpg,other
307.jpg,other
810.jpg,bright dune
981.jpg,other
1850.jpg,bright dune
93.jpg,other
1171.jpg,other
860.jpg,other
1444.jpg,other
1632.jpg,dark dune
849.jpg,bright dune
1981.jpg,slope streak
1312.jpg,other
1153.jpg,other
27.jpg,other
1404.jpg,crater
545.jpg,other
340.jpg,other
1993.jpg,other
655.jpg,other
126.jpg,other
4.jpg,other
1985.jpg,other
183.jpg,other
81.jpg,other
306.jpg,other
494.jpg,other
1111.jpg,other
1559.jpg,crater
1818.jpg,other
569.jpg,other
1867.jpg,bright dune
6.jpg,other
1073.jpg,other
1781.jpg,slope streak
946.jpg,other
794.jpg,other
1252.jpg,other
501.jpg,other
426.jpg,other
714.jpg,other
177.jpg,other
1772.jpg,other
1603.jpg,other
1250.jpg,other
1564.jpg,slope streak
484.jpg,other
270.jpg,other
511.jpg,other
1587.jpg,other
297.jpg,slope streak
1715.jpg,slope streak
495.jpg,other
1402.jpg,dark dune
197.jpg,bright dune
904.jpg,other
1284.jpg,other
784.jpg,other
1785.jpg,other
1755.jpg,other
899.jpg,other
68.jpg,other
203.jpg,other
1177.jpg,other
543.jpg,other
518.jpg,slope streak
99.jpg,other
1421.jpg,bright dune
1327.jpg,bright dune
1372.jpg,dark dune
1163.jpg,other
1578.jpg,dark dune
1474.jpg,other
1844.jpg,other
1166.jpg,other
599.jpg,other
720.jpg,other
272.jpg,other
1181.jpg,other
658.jpg,bright dune
171.jpg,other
1483.jpg,other
1315.jpg,other
717.jpg,other
1930.jpg,other
1305.jpg,other
597.jpg,bright dune
1630.jpg,other
666.jpg,other
724.jpg,other
333.jpg,other
351.jpg,other
770.jpg,slope streak
1507.jpg,other
1792.jpg,other
562.jpg,other
1406.jpg,other
1465.jpg,other
1145.jpg,other
878.jpg,other
1738.jpg,other
471.jpg,other
360.jpg,other
538.jpg,dark dune
1972.jpg,slope streak
1448.jpg,other
920.jpg,slope streak
1138.jpg,other
762.jpg,slope streak
354.jpg,other
1608.jpg,other
1237.jpg,other
1063.jpg,slope streak
680.jpg,other
588.jpg,other
881.jpg,slope streak
1990.jpg,dark dune
522.jpg,other
280.jpg,other
1834.jpg,other
304.jpg,other
528.jpg,dark dune
732.jpg,other
557.jpg,other
985.jpg,other
941.jpg,other
1584.jpg,other
347.jpg,other
1710.jpg,dark dune
527.jpg,other
1452.jpg,bright dune
162.jpg,other
82.jpg,other
114.jpg,dark dune
838.jpg,other
1936.jpg,other
1286.jpg,other
731.jpg,other
605.jpg,other
982.jpg,other
1502.jpg,dark dune
603.jpg,other
1890.jpg,other
1853.jpg,other
1674.jpg,other
98.jpg,other
346.jpg,other
1100.jpg,other
512.jpg,other
1831.jpg,other
513.jpg,other
1423.jpg,dark dune
974.jpg,other
1071.jpg,other
1744.jpg,other
612.jpg,other
722.jpg,slope streak
490.jpg,other
584.jpg,other
1803.jpg,crater
1410.jpg,other
515.jpg,other
1992.jpg,other
1057.jpg,other
707.jpg,dark dune
158.jpg,other
751.jpg,other
287.jpg,other
1573.jpg,other
1895.jpg,other
1368.jpg,other
973.jpg,other
1994.jpg,other
804.jpg,other
1825.jpg,other
1862.jpg,dark dune
955.jpg,other
1117.jpg,other
1709.jpg,bright dune
1486.jpg,other
1212.jpg,other
845.jpg,other
1798.jpg,crater
1476.jpg,other
1244.jpg,crater
622.jpg,bright dune
1424.jpg,other
1495.jpg,other
753.jpg,other
1301.jpg,other
377.jpg,other
394.jpg,other
83.jpg,other
694.jpg,other
1915.jpg,other
1132.jpg,other
1122.jpg,other
609.jpg,other
275.jpg,other
1467.jpg,other
389.jpg,crater
1625.jpg,other
237.jpg,other
1131.jpg,other
1103.jpg,dark dune
499.jpg,other
582.jpg,spider
429.jpg,other
1746.jpg,other
160.jpg,other
246.jpg,other
1332.jpg,dark dune
1631.jpg,bright dune
1790.jpg,other
1949.jpg,slope streak
208.jpg,crater
706.jpg,other
1412.jpg,other
1288.jpg,other
1461.jpg,slope streak
958.jpg,other
510.jpg,other
1533.jpg,other
497.jpg,other
914.jpg,other
817.jpg,other
1811.jpg,other
1694.jpg,other
1878.jpg,other
1199.jpg,other
1802.jpg,other
1667.jpg,other
1156.jpg,other
712.jpg,other
685.jpg,other
829.jpg,other
934.jpg,other
1647.jpg,bright dune
514.jpg,slope streak
1036.jpg,other
1859.jpg,other
1704.jpg,other
1955.jpg,other
3.jpg,other
640.jpg,other
1337.jpg,bright dune
1929.jpg,other
1240.jpg,bright dune
539.jpg,dark dune
112.jpg,other
524.jpg,other
857.jpg,other
1052.jpg,slope streak
1731.jpg,other
364.jpg,other
725.jpg,other
1747.jpg,other
150.jpg,other
1040.jpg,dark dune
1896.jpg,other
1713.jpg,dark dune
458.jpg,other
1491.jpg,bright dune
266.jpg,other
1839.jpg,slope streak
1779.jpg,other
1787.jpg,dark dune
474.jpg,other
1954.jpg,other
1086.jpg,other
251.jpg,other
373.jpg,other
1204.jpg,other
1390.jpg,other
1719.jpg,other
1523.jpg,other
1348.jpg,other
1069.jpg,other
727.jpg,other
579.jpg,other
290.jpg,slope streak
491.jpg,other
1484.jpg,other
1245.jpg,other
78.jpg,other
1889.jpg,other
135.jpg,other
788.jpg,other
1691.jpg,other
765.jpg,bright dune
1812.jpg,other
1389.jpg,other
650.jpg,other
1893.jpg,dark dune
1526.jpg,other
96.jpg,other
1771.jpg,other
139.jpg,other
533.jpg,other
1669.jpg,other
206.jpg,dark dune
1616.jpg,other
867.jpg,other
1980.jpg,other
100.jpg,other
1729.jpg,other
1528.jpg,other
1622.jpg,other
990.jpg,other
105.jpg,slope streak
335.jpg,other
1356.jpg,other
384.jpg,other
1543.jpg,other
1232.jpg,other
193.jpg,other
566.jpg,dark dune
1841.jpg,other
257.jpg,slope streak
1249.jpg,other
433.jpg,other
801.jpg,other
220.jpg,other
866.jpg,other
91.jpg,other
459.jpg,other
1197.jpg,other
1902.jpg,bright dune
820.jpg,other
219.jpg,other
830.jpg,other
757.jpg,other
102.jpg,dark dune
1028.jpg,other
1614.jpg,other
769.jpg,other
52.jpg,other
1121.jpg,other
1645.jpg,other
931.jpg,other
789.jpg,bright dune
186.jpg,other
313.jpg,crater
1644.jpg,other
1047.jpg,other
1268.jpg,other
614.jpg,other
930.jpg,other
1329.jpg,bright dune
11.jpg,other
1146.jpg,other
180.jpg,other
224.jpg,other
216.jpg,bright dune
593.jpg,other
5.jpg,other
1684.jpg,other
407.jpg,slope streak
317.jpg,other
1870.jpg,other
1001.jpg,other
1742.jpg,dark dune
225.jpg,other
1257.jpg,other
1612.jpg,slope streak
40.jpg,other
737.jpg,other
1830.jpg,other
89.jpg,other
703.jpg,other
470.jpg,other
908.jpg,dark dune
752.jpg,other
517.jpg,other
1136.jpg,other
1207.jpg,other
393.jpg,dark dune
1464.jpg,other
1415.jpg,other
591.jpg,other
945.jpg,other
92.jpg,other
705.jpg,other
1580.jpg,other
1843.jpg,other
559.jpg,other
1600.jpg,other
1282.jpg,other
1693.jpg,other
363.jpg,other
1984.jpg,other
965.jpg,other
127.jpg,other
1680.jpg,other
398.jpg,bright dune
696.jpg,other
755.jpg,other
1201.jpg,other
1808.jpg,other
403.jpg,bright dune
318.jpg,other
1126.jpg,bright dune
381.jpg,other
437.jpg,other
1457.jpg,slope streak
1184.jpg,dark dune
991.jpg,other
1361.jpg,other
1371.jpg,other
1133.jpg,slope streak
1865.jpg,other
675.jpg,other
1736.jpg,other
106.jpg,other
598.jpg,crater
199.jpg,other
938.jpg,other
831.jpg,other
1676.jpg,other
782.jpg,other
1575.jpg,other
410.jpg,other
1875.jpg,other
343.jpg,other
487.jpg,other
344.jpg,bright dune
85.jpg,other
1157.jpg,other
1881.jpg,other
792.jpg,other
1977.jpg,other
35.jpg,bright dune
1422.jpg,other
154.jpg,other
1007.jpg,dark dune
1597.jpg,bright dune
1438.jpg,other
1160.jpg,other
660.jpg,other
1506.jpg,crater
198.jpg,other
138.jpg,other
1169.jpg,other
1341.jpg,slope streak
1505.jpg,other
880.jpg,other
1720.jpg,slope streak
449.jpg,other
504.jpg,bright dune
1299.jpg,other
255.jpg,dark dune
1718.jpg,other
1864.jpg,other
1863.jpg,other
892.jpg,other
1015.jpg,other
1641.jpg,other
1194.jpg,other
24.jpg,other
821.jpg,other
1513.jpg,other
17.jpg,slope streak
1782.jpg,other
1971.jpg,other
259.jpg,other
915.jpg,other
1031.jpg,other
157.jpg,bright dune
111.jpg,other
184.jpg,other
314.jpg,other
851.jpg,other
1308.jpg,other
1248.jpg,other
873.jpg,crater
269.jpg,dark dune
638.jpg,other
1761.jpg,other
137.jpg,other
704.jpg,other
853.jpg,other
409.jpg,dark dune
869.jpg,other
1868.jpg,other
1243.jpg,other
1883.jpg,bright dune
1827.jpg,dark dune
1266.jpg,other
345.jpg,other
243.jpg,other
800.jpg,crater
555.jpg,bright dune
380.jpg,other
1944.jpg,other
1391.jpg,other
460.jpg,other
1255.jpg,other
1927.jpg,bright dune
764.jpg,other
278.jpg,other
1125.jpg,bright dune
1682.jpg,other
466.jpg,other
1399.jpg,other
1969.jpg,other
1765.jpg,slope streak
39.jpg,slope streak
1851.jpg,other
1210.jpg,other
63.jpg,other
202.jpg,other
1349.jpg,dark dune
213.jpg,other
1188.jpg,other
677.jpg,slope streak
1273.jpg,dark dune
657.jpg,other
1393.jpg,slope streak
1806.jpg,other
1858.jpg,other
113.jpg,dark dune
73.jpg,slope streak
1730.jpg,other
633.jpg,other
319.jpg,other
1770.jpg,other
416.jpg,other
1434.jpg,other
1943.jpg,bright dune
1317.jpg,other
846.jpg,slope streak
667.jpg,other
686.jpg,other
832.jpg,other
1225.jpg,crater
1966.jpg,other
1935.jpg,bright dune
980.jpg,other
906.jpg,bright dune
42.jpg,other
1500.jpg,slope streak
1051.jpg,other
427.jpg,other
312.jpg,other
1522.jpg,other
1551.jpg,slope streak
1211.jpg,other
1838.jpg,other
273.jpg,other
1791.jpg,slope streak
1613.jpg,other
910.jpg,other
1403.jpg,slope streak
1690.jpg,other
1173.jpg,other
365.jpg,crater
1903.jpg,other
348.jpg,dark dune
1291.jpg,other
1012.jpg,other
1921.jpg,other
936.jpg,other
1016.jpg,other
1429.jpg,other
1950.jpg,other
1840.jpg,other
442.jpg,other
1749.jpg,other
1899.jpg,other
250.jpg,other
144.jpg,other
1384.jpg,other
1325.jpg,other
1217.jpg,other
1565.jpg,other
815.jpg,other
827.jpg,other
66.jpg,slope streak
1231.jpg,other
226.jpg,other
142.jpg,other
465.jpg,other
1624.jpg,other
1639.jpg,other
415.jpg,other
463.jpg,bright dune
891.jpg,other
1745.jpg,other
1617.jpg,other
1508.jpg,crater
1148.jpg,other
1269.jpg,dark dune
1175.jpg,dark dune
1182.jpg,other
101.jpg,other
874.jpg,other
1381.jpg,other
45.jpg,dark dune
733.jpg,other
1066.jpg,other
1108.jpg,other
1417.jpg,other
700.jpg,other
1439.jpg,other
507.jpg,other
1701.jpg,other
547.jpg,other
1005.jpg,other
123.jpg,other
1455.jpg,other
911.jpg,other
392.jpg,other
1430.jpg,other
1321.jpg,other
352.jpg,other
478.jpg,slope streak
1367.jpg,other
1514.jpg,other
1837.jpg,other
744.jpg,other
1711.jpg,other
996.jpg,other
472.jpg,other
500.jpg,other
750.jpg,other
601.jpg,other
1115.jpg,slope streak
1213.jpg,other
942.jpg,other
1293.jpg,other
301.jpg,other
531.jpg,other
1906.jpg,other
1333.jpg,dark dune
136.jpg,other
977.jpg,bright dune
1673.jpg,other
1343.jpg,other
1214.jpg,bright dune
1447.jpg,other
1733.jpg,other
1394.jpg,other
563.jpg,bright dune
670.jpg,other
1459.jpg,other
387.jpg,other
1643.jpg,dark dune
1488.jpg,other
406.jpg,other
1752.jpg,other
1657.jpg,other
1076.jpg,other
506.jpg,slope streak
33.jpg,other
656.jpg,other
1762.jpg,other
642.jpg,slope streak
763.jpg,other
1070.jpg,other
1707.jpg,other
1571.jpg,other
1574.jpg,other
758.jpg,other
1794.jpg,dark dune
1313.jpg,other
816.jpg,other
1106.jpg,other
1360.jpg,other
462.jpg,other
1380.jpg,other
1799.jpg,other
1104.jpg,other
1239.jpg,other
1960.jpg,slope streak
1054.jpg,bright dune
1420.jpg,other
1901.jpg,other
435.jpg,bright dune
1481.jpg,other
1411.jpg,dark dune
1222.jpg,other
1541.jpg,other
1934.jpg,other
1027.jpg,other
984.jpg,other
1734.jpg,other
419.jpg,other
1557.jpg,other
456.jpg,dark dune
740.jpg,other
1492.jpg,other
140.jpg,other
1970.jpg,other
558.jpg,other
922.jpg,other
13.jpg,other
1767.jpg,other
535.jpg,dark dune
1925.jpg,other
1498.jpg,dark dune
84.jpg,other
169.jpg,other
730.jpg,other
870.jpg,other
738.jpg,other
1119.jpg,other
110.jpg,other
1127.jpg,other
1726.jpg,other
29.jpg,other
1195.jpg,slope streak
10.jpg,slope streak
1215.jpg,dark dune
1067.jpg,other
339.jpg,other
1869.jpg,other
1048.jpg,other
1379.jpg,other
175.jpg,other
1272.jpg,other
1458.jpg,dark dune
1866.jpg,other
1509.jpg,other
1807.jpg,bright dune
1019.jpg,other
1805.jpg,other
1079.jpg,other
561.jpg,other
1319.jpg,other
887.jpg,other
1532.jpg,other
1610.jpg,other
43.jpg,slope streak
1609.jpg,other
970.jpg,other
1611.jpg,other
1753.jpg,other
897.jpg,other
811.jpg,other
882.jpg,other
862.jpg,other
925.jpg,other
432.jpg,other
1560.jpg,other
1010.jpg,other
1277.jpg,other
1021.jpg,dark dune
1833.jpg,slope streak
871.jpg,other
1621.jpg,other
1118.jpg,other
1656.jpg,other
1065.jpg,other
342.jpg,dark dune
628.jpg,other
292.jpg,other
1563.jpg,other
983.jpg,other
147.jpg,other
615.jpg,other
207.jpg,crater
268.jpg,other
1172.jpg,other
1085.jpg,other
1124.jpg,other
975.jpg,other
79.jpg,bright dune
1650.jpg,other
1080.jpg,other
679.jpg,other
1328.jpg,other
1810.jpg,other
1989.jpg,other
1078.jpg,slope streak
242.jpg,bright dune
1615.jpg,other
469.jpg,other
1741.jpg,other
1607.jpg,other
1620.jpg,other
668.jpg,other
1335.jpg,bright dune
1958.jpg,other
1567.jpg,other
1055.jpg,slope streak
289.jpg,other
1577.jpg,other
1241.jpg,other
822.jpg,other
1629.jpg,other
386.jpg,other
682.jpg,other
327.jpg,other
1260.jpg,other
1451.jpg,other
1905.jpg,bright dune
947.jpg,other
1956.jpg,other
1751.jpg,dark dune
1685.jpg,other
560.jpg,dark dune
1437.jpg,other
331.jpg,other
1593.jpg,bright dune
1347.jpg,other
978.jpg,other
842.jpg,other
1191.jpg,other
50.jpg,other
998.jpg,other
834.jpg,other
1665.jpg,other
1826.jpg,other
1784.jpg,other
14.jpg,other
1619.jpg,other
372.jpg,other
1688.jpg,dark dune
1497.jpg,bright dune
1602.jpg,other
253.jpg,other
976.jpg,other
1504.jpg,other
1582.jpg,other
1796.jpg,other
178.jpg,other
1633.jpg,dark dune
1824.jpg,other
1316.jpg,other
841.jpg,dark dune
592.jpg,other
1296.jpg,other
1539.jpg,slope streak
1957.jpg,dark dune
223.jpg,other
625.jpg,other
1105.jpg,dark dune
1151.jpg,other
209.jpg,dark dune
1797.jpg,other
1088.jpg,other
776.jpg,other
338.jpg,bright dune
1376.jpg,other
148.jpg,crater
370.jpg,other
1879.jpg,other
746.jpg,other
1336.jpg,bright dune
443.jpg,other
1043.jpg,other
1714.jpg,other
1302.jpg,dark dune
286.jpg,other
859.jpg,other
1942.jpg,other
428.jpg,other
232.jpg,slope streak
2000.jpg,other
1963.jpg,slope streak
1320.jpg,other
1931.jpg,other
1677.jpg,other
1658.jpg,dark dune
1353.jpg,other
1723.jpg,other
1014.jpg,other
888.jpg,other
948.jpg,dark dune
1982.jpg,other
1196.jpg,other
1472.jpg,other
21.jpg,other
190.jpg,other
1165.jpg,bright dune
1219.jpg,slope streak
681.jpg,other
156.jpg,other
1561.jpg,other
1813.jpg,other
399.jpg,other
1454.jpg,other
540.jpg,other
664.jpg,slope streak
963.jpg,other
1330.jpg,other
1703.jpg,other
1675.jpg,other
447.jpg,dark dune
434.jpg,other
1852.jpg,dark dune
576.jpg,other
77.jpg,dark dune
1769.jpg,other
502.jpg,other
439.jpg,other
451.jpg,other
544.jpg,other
719.jpg,other
1370.jpg,other
430.jpg,other
18.jpg,slope streak
329.jpg,slope streak
986.jpg,dark dune
288.jpg,other
1077.jpg,other
249.jpg,other
1595.jpg,other
521.jpg,other
1594.jpg,other
368.jpg,other
1592.jpg,other
264.jpg,other
1159.jpg,other
1436.jpg,other
1836.jpg,other
747.jpg,other
852.jpg,other
701.jpg,other
1216.jpg,dark dune
895.jpg,other
418.jpg,other
1941.jpg,other
807.jpg,other
1152.jpg,other
919.jpg,other
395.jpg,other
1318.jpg,other
1192.jpg,other
1264.jpg,bright dune
258.jpg,other
218.jpg,bright dune
1087.jpg,other
1398.jpg,other
185.jpg,bright dune
1298.jpg,other
729.jpg,other
1855.jpg,dark dune
1646.jpg,other
1699.jpg,other
1110.jpg,other
1203.jpg,other
378.jpg,other
1648.jpg,other
779.jpg,other
1278.jpg,other
1342.jpg,other
1147.jpg,other
41.jpg,other
1585.jpg,dark dune
291.jpg,other
1307.jpg,other
661.jpg,other
548.jpg,other
1655.jpg,other
1469.jpg,other
546.jpg,other
1756.jpg,other
1359.jpg,other
1310.jpg,other
1740.jpg,other
1011.jpg,other
38.jpg,bright dune
1416.jpg,other
1786.jpg,other
1331.jpg,other
1083.jpg,other
627.jpg,other
492.jpg,other
678.jpg,other
1946.jpg,bright dune
1253.jpg,other
227.jpg,other
1912.jpg,other
129.jpg,other
1397.jpg,other
1270.jpg,bright dune
261.jpg,other
565.jpg,other
1490.jpg,other
1637.jpg,other
613.jpg,other
1874.jpg,other
1998.jpg,other
1164.jpg,other
1649.jpg,other
358.jpg,crater
1322.jpg,other
361.jpg,other
585.jpg,other
233.jpg,other
1227.jpg,slope streak
189.jpg,slope streak
1155.jpg,other
581.jpg,other
676.jpg,other
1161.jpg,other
1496.jpg,slope streak
115.jpg,other
1814.jpg,slope streak
634.jpg,dark dune
509.jpg,other
917.jpg,other
87.jpg,slope streak
1529.jpg,bright dune
879.jpg,dark dune
1082.jpg,other
1471.jpg,other
274.jpg,other
754.jpg,slope streak
1056.jpg,other
104.jpg,other
1907.jpg,other
481.jpg,other
577.jpg,other
1743.jpg,other
277.jpg,bright dune
610.jpg,other
743.jpg,other
231.jpg,bright dune
1892.jpg,other
594.jpg,slope streak
1706.jpg,other
254.jpg,other
244.jpg,slope streak
172.jpg,other
1754.jpg,slope streak
950.jpg,slope streak
1230.jpg,dark dune
141.jpg,bright dune
1041.jpg,other
1185.jpg,other
1861.jpg,other
644.jpg,other
1919.jpg,other
1569.jpg,other
1003.jpg,other
556.jpg,other
390.jpg,other
1544.jpg,other
1911.jpg,dark dune
927.jpg,other
1581.jpg,bright dune
1030.jpg,other
412.jpg,other
1378.jpg,other
1068.jpg,bright dune
896.jpg,slope streak
174.jpg,other
420.jpg,other
383.jpg,other
1324.jpg,other
994.jpg,bright dune
1604.jpg,other
1261.jpg,other
674.jpg,other
1783.jpg,crater
1435.jpg,other
425.jpg,other
713.jpg,slope streak
328.jpg,other
2.jpg,slope streak
446.jpg,other
526.jpg,other
536.jpg,other
1303.jpg,other
155.jpg,other
872.jpg,slope streak
117.jpg,other
1555.jpg,dark dune
1350.jpg,other
1186.jpg,other
1857.jpg,other
1642.jpg,dark dune
1038.jpg,other
519.jpg,other
1.jpg,other
12.jpg,other
554.jpg,other
688.jpg,other
1664.jpg,other
151.jpg,slope streak
1795.jpg,dark dune
987.jpg,other
1485.jpg,other
1020.jpg,dark dune
835.jpg,other
1997.jpg,dark dune
1135.jpg,other
894.jpg,other
972.jpg,dark dune
1229.jpg,other
767.jpg,bright dune
97.jpg,bright dune
1572.jpg,other
267.jpg,other
844.jpg,other
913.jpg,other
1686.jpg,other
1263.jpg,other
1947.jpg,other
1789.jpg,other
793.jpg,other
1049.jpg,other
1364.jpg,other
653.jpg,other
736.jpg,other
1387.jpg,other
1672.jpg,other
568.jpg,crater
473.jpg,other
648.jpg,other
1757.jpg,crater
276.jpg,other
1884.jpg,other
1099.jpg,other
1413.jpg,dark dune
786.jpg,dark dune
953.jpg,other
8.jpg,other
1445.jpg,bright dune
1262.jpg,other
952.jpg,other
1576.jpg,other
632.jpg,other
1652.jpg,other
320.jpg,other
1750.jpg,other
697.jpg,other
552.jpg,other
1363.jpg,slope streak
1553.jpg,other
796.jpg,other
19.jpg,bright dune
1432.jpg,other
234.jpg,other
34.jpg,other
485.jpg,dark dune
1816.jpg,crater
61.jpg,other
143.jpg,other
1443.jpg,other
1017.jpg,other
74.jpg,other
1130.jpg,other
1385.jpg,other
530.jpg,other
369.jpg,other
1758.jpg,other
1721.jpg,other
132.jpg,other
596.jpg,other
1965.jpg,dark dune
630.jpg,other
179.jpg,other
1190.jpg,other
617.jpg,other
1283.jpg,other
637.jpg,other
772.jpg,other
1084.jpg,dark dune
125.jpg,other
1515.jpg,other
402.jpg,other
1540.jpg,other
196.jpg,dark dune
1501.jpg,other
993.jpg,other
777.jpg,dark dune
1661.jpg,other
621.jpg,other
1635.jpg,other
1900.jpg,other
1116.jpg,other
311.jpg,slope streak
1937.jpg,other
1463.jpg,other
971.jpg,other
480.jpg,other
1727.jpg,other
281.jpg,dark dune
1670.jpg,other
1479.jpg,other
847.jpg,slope streak
1860.jpg,other
279.jpg,slope streak
600.jpg,other
608.jpg,other
1914.jpg,other
623.jpg,other
728.jpg,other
116.jpg,crater
168.jpg,other
349.jpg,other
1692.jpg,other
643.jpg,other
236.jpg,other
1651.jpg,other
534.jpg,slope streak
1687.jpg,other
1470.jpg,other
1280.jpg,other
580.jpg,other
1913.jpg,other
1520.jpg,other
205.jpg,slope streak
739.jpg,bright dune
783.jpg,other
1689.jpg,other
1518.jpg,slope streak
109.jpg,other
877.jpg,other
1060.jpg,other
322.jpg,other
723.jpg,other
645.jpg,other
1877.jpg,other
1590.jpg,other
457.jpg,other
1366.jpg,other
1848.jpg,other
604.jpg,other
133.jpg,other
130.jpg,other
1606.jpg,other
26.jpg,other
1285.jpg,other
702.jpg,other
843.jpg,other
1466.jpg,other
1800.jpg,other
1258.jpg,other
1822.jpg,other
1246.jpg,other
1369.jpg,other
1666.jpg,other
80.jpg,other
1023.jpg,other
353.jpg,other
1418.jpg,other
1198.jpg,dark dune
1032.jpg,other
1383.jpg,other
734.jpg,other
22.jpg,other
1832.jpg,other
1823.jpg,other
1200.jpg,slope streak
1534.jpg,other
298.jpg,other
1735.jpg,crater
590.jpg,other
44.jpg,dark dune
1274.jpg,other
1596.jpg,other
1959.jpg,other
1804.jpg,other
119.jpg,other
573.jpg,other
1801.jpg,slope streak
1168.jpg,other
235.jpg,other
308.jpg,other
1978.jpg,other
1918.jpg,other
1988.jpg,other
1512.jpg,slope streak
396.jpg,other
391.jpg,other
1499.jpg,other
824.jpg,other
1558.jpg,other
837.jpg,other
1358.jpg,other
961.jpg,other
954.jpg,other
933.jpg,other
1179.jpg,other
379.jpg,other
1708.jpg,dark dune
756.jpg,other
523.jpg,other
1093.jpg,other
1871.jpg,other
1137.jpg,other
1256.jpg,bright dune
194.jpg,other
1039.jpg,other
1238.jpg,other
780.jpg,crater
1344.jpg,other
651.jpg,other
1910.jpg,other
60.jpg,other
854.jpg,other
1064.jpg,crater
1776.jpg,other
883.jpg,other
1058.jpg,other
1120.jpg,other
1094.jpg,other
760.jpg,other
300.jpg,other
421.jpg,other
1817.jpg,other
1129.jpg,other
159.jpg,other
1139.jpg,crater
1788.jpg,other
1037.jpg,other
671.jpg,other
1226.jpg,bright dune
334.jpg,other
163.jpg,other
51.jpg,other
1446.jpg,other
120.jpg,other
1780.jpg,bright dune
787.jpg,other
1072.jpg,other
1716.jpg,other
1365.jpg,slope streak
1046.jpg,other
909.jpg,other
1338.jpg,other
247.jpg,other
1276.jpg,other
761.jpg,other
191.jpg,bright dune
56.jpg,bright dune
299.jpg,other
1456.jpg,other
1427.jpg,other
71.jpg,other
836.jpg,other
1295.jpg,other
1478.jpg,other
525.jpg,other
907.jpg,other
15.jpg,other
1678.jpg,other
1815.jpg,other
1477.jpg,other
665.jpg,crater
735.jpg,other
461.jpg,other
611.jpg,other
1579.jpg,other
505.jpg,other
893.jpg,bright dune
1000.jpg,slope streak
768.jpg,other
1355.jpg,other
376.jpg,other
58.jpg,dark dune
1128.jpg,other
1976.jpg,other
1728.jpg,other
1659.jpg,bright dune
1550.jpg,other
508.jpg,other
1428.jpg,crater
1149.jpg,other
293.jpg,dark dune
1259.jpg,other
1549.jpg,other
1090.jpg,other
1205.jpg,other
1101.jpg,other
1894.jpg,other
989.jpg,other
912.jpg,other
889.jpg,slope streak
271.jpg,slope streak
1388.jpg,crater
229.jpg,bright dune
211.jpg,other
1408.jpg,other
1029.jpg,other
230.jpg,other
1034.jpg,bright dune
799.jpg,other
1774.jpg,other
571.jpg,other
1991.jpg,other
1845.jpg,other
128.jpg,other
624.jpg,other
693.jpg,other
16.jpg,other
884.jpg,other
464.jpg,slope streak
36.jpg,other
935.jpg,other
1809.jpg,other
1431.jpg,other
1290.jpg,other
188.jpg,other
1042.jpg,other
1872.jpg,other
1292.jpg,other
1583.jpg,other
323.jpg,bright dune
302.jpg,other
1933.jpg,other
1183.jpg,other
818.jpg,other
411.jpg,slope streak
1494.jpg,other
673.jpg,other
890.jpg,other
1143.jpg,crater
195.jpg,other
1473.jpg,other
683.jpg,other
620.jpg,dark dune
1516.jpg,other
1209.jpg,other
422.jpg,other
252.jpg,dark dune
423.jpg,other
357.jpg,bright dune
1979.jpg,other
118.jpg,slope streak
1636.jpg,other
1712.jpg,other
53.jpg,other
1527.jpg,other
296.jpg,bright dune
1846.jpg,slope streak
1098.jpg,other
493.jpg,other
1904.jpg,other
1829.jpg,other
385.jpg,other
1847.jpg,other
1886.jpg,other
1517.jpg,other
1975.jpg,bright dune
1033.jpg,slope streak
802.jpg,other
1828.jpg,dark dune
1654.jpg,other
1525.jpg,bright dune
766.jpg,other
1392.jpg,other
332.jpg,other
1987.jpg,dark dune
95.jpg,other
542.jpg,dark dune
47.jpg,bright dune
1938.jpg,crater
1510.jpg,other
855.jpg,other
1926.jpg,dark dune
1773.jpg,other
572.jpg,other
108.jpg,other
1996.jpg,other
1405.jpg,other
1174.jpg,other
902.jpg,other
121.jpg,other
1519.jpg,slope streak
1107.jpg,other
1722.jpg,other
1909.jpg,other
1760.jpg,other
848.jpg,slope streak
635.jpg,bright dune
1271.jpg,other
1414.jpg,bright dune
1294.jpg,other
742.jpg,other
397.jpg,other
1095.jpg,other
1419.jpg,other
1265.jpg,other
283.jpg,dark dune
367.jpg,other
436.jpg,other
711.jpg,other
355.jpg,other
1141.jpg,other
1480.jpg,crater
1623.jpg,other
967.jpg,other
405.jpg,dark dune
1462.jpg,other
1025.jpg,other
1059.jpg,other
1493.jpg,bright dune
476.jpg,other
1939.jpg,other
1819.jpg,other
284.jpg,other
441.jpg,bright dune
1702.jpg,other
450.jpg,other
1377.jpg,other
979.jpg,other
210.jpg,other
649.jpg,slope streak
823.jpg,other
1092.jpg,other
1922.jpg,bright dune
187.jpg,slope streak
944.jpg,other
388.jpg,dark dune
943.jpg,other
221.jpg,other
1698.jpg,other
1449.jpg,other
1601.jpg,other
791.jpg,other
285.jpg,other
795.jpg,crater
1880.jpg,other
595.jpg,dark dune
956.jpg,other
1660.jpg,dark dune
7.jpg,other
1547.jpg,slope streak
1891.jpg,other
1218.jpg,other
716.jpg,other
819.jpg,other
726.jpg,other
181.jpg,other
1275.jpg,other
153.jpg,bright dune
204.jpg,bright dune
